# name	minStateId	maxStateId	defaultStateId	collisionHeight (single value, or one per state) -- minecraft 1.21.7
acacia_button	9492	9515	9501	0
acacia_door	12973	13036	12984	1
acacia_fence	12589	12620	12620	1.5
acacia_fence_gate	12301	12332	12308	0,0,1.5,1.5,0,0,1.5,1.5,0,0,1.5,1.5,0,0,1.5,1.5,0,0,1.5,1.5,0,0,1.5,1.5,0,0,1.5,1.5,0,0,1.5,1.5
acacia_hanging_sign	5130	5193	5163	0
acacia_leaves	364	391	391	1
acacia_log	148	150	149	1
acacia_planks	19	19	19	1
acacia_pressure_plate	5900	5901	5901	0
acacia_sapling	37	38	37	0
acacia_sign	4462	4493	4463	0
acacia_slab	12075	12080	12078	1,1,0.5,0.5,1,1
acacia_stairs	10693	10772	10704	1
acacia_trapdoor	6396	6459	6411	1,1,1,1,1,1,1,1,1,1,1,1,0.1875,0.1875,0.1875,0.1875,1,1,1,1,1,1,1,1,1,1,1,1,0.1875,0.1875,0.1875,0.1875,1,1,1,1,1,1,1,1,1,1,1,1,0.1875,0.1875,0.1875,0.1875,1,1,1,1,1,1,1,1,1,1,1,1,0.1875,0.1875,0.1875,0.1875
acacia_wall_hanging_sign	5730	5737	5731	1
acacia_wall_sign	4882	4889	4883	0
acacia_wood	213	215	214	1
activator_rail	10129	10152	10142	0
air	0	0	0	0
allium	2125	2125	2125	0
amethyst_block	22091	22091	22091	1
amethyst_cluster	22093	22104	22102	0.8125,0.8125,0.8125,0.8125,0.8125,0.8125,0.8125,0.8125,0.4375,0.4375,1,1
ancient_debris	20508	20508	20508	1
andesite	6	6	6	1
andesite_slab	15191	15196	15194	1,1,0.5,0.5,1,1
andesite_stairs	14817	14896	14828	1
andesite_wall	17807	18130	17810	1.5,1.5,1.5,1.5,1.5,1.5,0,1.5,1.5,0,1.5,1.5,1.5,1.5,1.5,1.5,1.5,1.5,1.5,1.5,1.5,1.5,1.5,1.5,1.5,1.5,1.5,1.5,1.5,1.5,1.5,1.5,1.5,1.5,1.5,1.5,1.5,1.5,1.5,1.5,1.5,1.5,1.5,1.5,1.5,1.5,1.5,1.5,1.5,1.5,1.5,1.5,1.5,1.5,1.5,1.5,1.5,1.5,1.5,1.5,1.5,1.5,1.5,1.5,1.5,1.5,1.5,1.5,1.5,1.5,1.5,1.5,1.5,1.5,1.5,1.5,1.5,1.5,1.5,1.5,1.5,1.5,1.5,1.5,1.5,1.5,1.5,1.5,1.5,1.5,1.5,1.5,1.5,1.5,1.5,1.5,1.5,1.5,1.5,1.5,1.5,1.5,1.5,1.5,1.5,1.5,1.5,1.5,1.5,1.5,1.5,1.5,1.5,1.5,1.5,1.5,1.5,1.5,1.5,1.5,1.5,1.5,1.5,1.5,1.5,1.5,1.5,1.5,1.5,1.5,1.5,1.5,1.5,1.5,1.5,1.5,1.5,1.5,1.5,1.5,1.5,1.5,1.5,1.5,1.5,1.5,1.5,1.5,1.5,1.5,1.5,1.5,1.5,1.5,1.5,1.5,1.5,1.5,1.5,1.5,1.5,1.5,1.5,1.5,1.5,1.5,1.5,1.5,1.5,1.5,1.5,1.5,1.5,1.5,1.5,1.5,1.5,1.5,1.5,1.5,1.5,1.5,1.5,1.5,1.5,1.5,1.5,1.5,1.5,1.5,1.5,1.5,1.5,1.5,1.5,1.5,1.5,1.5,1.5,1.5,1.5,1.5,1.5,1.5,1.5,1.5,1.5,1.5,1.5,1.5,1.5,1.5,1.5,1.5,1.5,1.5,1.5,1.5,1.5,1.5,1.5,1.5,1.5,1.5,1.5,1.5,1.5,1.5,1.5,1.5,1.5,1.5,1.5,1.5,1.5,1.5,1.5,1.5,1.5,1.5,1.5,1.5,1.5,1.5,1.5,1.5,1.5,1.5,1.5,1.5,1.5,1.5,1.5,1.5,1.5,1.5,1.5,1.5,1.5,1.5,1.5,1.5,1.5,1.5,1.5,1.5,1.5,1.5,1.5,1.5,1.5,1.5,1.5,1.5,1.5,1.5,1.5,1.5,1.5,1.5,1.5,1.5,1.5,1.5,1.5,1.5,1.5,1.5,1.5,1.5,1.5,1.5,1.5,1.5,1.5,1.5,1.5,1.5,1.5,1.5,1.5,1.5,1.5,1.5,1.5,1.5,1.5,1.5,1.5,1.5,1.5,1.5,1.5,1.5,1.5,1.5,1.5,1.5,1.5,1.5,1.5,1.5,1.5,1.5
anvil	9916	9919	9916	1
attached_melon_stem	7060	7063	7060	0
attached_pumpkin_stem	7056	7059	7056	0
azalea	25884	25884	25884	1
azalea_leaves	504	531	531	1
azure_bluet	2126	2126	2126	0
bamboo	14000	14011	14000	1
bamboo_block	168	170	169	1
bamboo_button	9612	9635	9621	0
bamboo_door	13293	13356	13304	1
bamboo_fence	12749	12780	12780	1.5
bamboo_fence_gate	12461	12492	12468	0,0,1.5,1.5,0,0,1.5,1.5,0,0,1.5,1.5,0,0,1.5,1.5,0,0,1.5,1.5,0,0,1.5,1.5,0,0,1.5,1.5,0,0,1.5,1.5
bamboo_hanging_sign	5642	5705	5675	0
bamboo_mosaic	28	28	28	1
bamboo_mosaic_slab	12111	12116	12114	1,1,0.5,0.5,1,1
bamboo_mosaic_stairs	11173	11252	11184	1
bamboo_planks	27	27	27	1
bamboo_pressure_plate	5910	5911	5911	0
bamboo_sapling	13999	13999	13999	0
bamboo_sign	4654	4685	4655	0
bamboo_slab	12105	12110	12108	1,1,0.5,0.5,1,1
bamboo_stairs	11093	11172	11104	1
bamboo_trapdoor	6716	6779	6731	1,1,1,1,1,1,1,1,1,1,1,1,0.1875,0.1875,0.1875,0.1875,1,1,1,1,1,1,1,1,1,1,1,1,0.1875,0.1875,0.1875,0.1875,1,1,1,1,1,1,1,1,1,1,1,1,0.1875,0.1875,0.1875,0.1875,1,1,1,1,1,1,1,1,1,1,1,1,0.1875,0.1875,0.1875,0.1875
bamboo_wall_hanging_sign	5794	5801	5795	1
bamboo_wall_sign	4930	4937	4931	0
barrel	19463	19474	19464	1
barrier	11254	11255	11255	1
basalt	6031	6033	6032	1
beacon	8702	8702	8702	1
bedrock	85	85	85	1
bee_nest	20457	20480	20457	1
beehive	20481	20504	20481	1
beetroots	13532	13535	13532	0
bell	19526	19557	19527	1,1,1,1,1,1,1,1,1,1,1,1,1,1,1,1,0.9375,0.9375,0.9375,0.9375,0.9375,0.9375,0.9375,0.9375,0.9375,0.9375,0.9375,0.9375,0.9375,0.9375,0.9375,0.9375
big_dripleaf	25936	25967	25937	0.9375,0.9375,0.9375,0.9375,0.8125,0.8125,0,0,0.9375,0.9375,0.9375,0.9375,0.8125,0.8125,0,0,0.9375,0.9375,0.9375,0.9375,0.8125,0.8125,0,0,0.9375,0.9375,0.9375,0.9375,0.8125,0.8125,0,0
big_dripleaf_stem	25968	25975	25969	0
birch_button	9444	9467	9453	0
birch_door	12845	12908	12856	1
birch_fence	12525	12556	12556	1.5
birch_fence_gate	12237	12268	12244	0,0,1.5,1.5,0,0,1.5,1.5,0,0,1.5,1.5,0,0,1.5,1.5,0,0,1.5,1.5,0,0,1.5,1.5,0,0,1.5,1.5,0,0,1.5,1.5
birch_hanging_sign	5066	5129	5099	0
birch_leaves	308	335	335	1
birch_log	142	144	143	1
birch_planks	17	17	17	1
birch_pressure_plate	5896	5897	5897	0
birch_sapling	33	34	33	0
birch_sign	4430	4461	4431	0
birch_slab	12063	12068	12066	1,1,0.5,0.5,1,1
birch_stairs	8530	8609	8541	1
birch_trapdoor	6268	6331	6283	1,1,1,1,1,1,1,1,1,1,1,1,0.1875,0.1875,0.1875,0.1875,1,1,1,1,1,1,1,1,1,1,1,1,0.1875,0.1875,0.1875,0.1875,1,1,1,1,1,1,1,1,1,1,1,1,0.1875,0.1875,0.1875,0.1875,1,1,1,1,1,1,1,1,1,1,1,1,0.1875,0.1875,0.1875,0.1875
birch_wall_hanging_sign	5722	5729	5723	1
birch_wall_sign	4874	4881	4875	0
birch_wood	207	209	208	1
black_banner	11888	11903	11888	0
black_bed	1971	1986	1974	0.5625
black_candle	22041	22056	22044	0.375
black_candle_cake	22089	22090	22090	0.875
black_carpet	11632	11632	11632	0.0625
black_concrete	13766	13766	13766	1
black_concrete_powder	13782	13782	13782	1
black_glazed_terracotta	13747	13750	13747	1
black_shulker_box	13681	13686	13685	1
black_stained_glass	6139	6139	6139	1
black_stained_glass_pane	10661	10692	10692	1
black_terracotta	10180	10180	10180	1
black_wall_banner	11964	11967	11964	0
black_wool	2108	2108	2108	1
blackstone	20520	20520	20520	1
blackstone_slab	20925	20930	20928	1,1,0.5,0.5,1,1
blackstone_stairs	20521	20600	20532	1
blackstone_wall	20601	20924	20604	1.5,1.5,1.5,1.5,1.5,1.5,0,1.5,1.5,0,1.5,1.5,1.5,1.5,1.5,1.5,1.5,1.5,1.5,1.5,1.5,1.5,1.5,1.5,1.5,1.5,1.5,1.5,1.5,1.5,1.5,1.5,1.5,1.5,1.5,1.5,1.5,1.5,1.5,1.5,1.5,1.5,1.5,1.5,1.5,1.5,1.5,1.5,1.5,1.5,1.5,1.5,1.5,1.5,1.5,1.5,1.5,1.5,1.5,1.5,1.5,1.5,1.5,1.5,1.5,1.5,1.5,1.5,1.5,1.5,1.5,1.5,1.5,1.5,1.5,1.5,1.5,1.5,1.5,1.5,1.5,1.5,1.5,1.5,1.5,1.5,1.5,1.5,1.5,1.5,1.5,1.5,1.5,1.5,1.5,1.5,1.5,1.5,1.5,1.5,1.5,1.5,1.5,1.5,1.5,1.5,1.5,1.5,1.5,1.5,1.5,1.5,1.5,1.5,1.5,1.5,1.5,1.5,1.5,1.5,1.5,1.5,1.5,1.5,1.5,1.5,1.5,1.5,1.5,1.5,1.5,1.5,1.5,1.5,1.5,1.5,1.5,1.5,1.5,1.5,1.5,1.5,1.5,1.5,1.5,1.5,1.5,1.5,1.5,1.5,1.5,1.5,1.5,1.5,1.5,1.5,1.5,1.5,1.5,1.5,1.5,1.5,1.5,1.5,1.5,1.5,1.5,1.5,1.5,1.5,1.5,1.5,1.5,1.5,1.5,1.5,1.5,1.5,1.5,1.5,1.5,1.5,1.5,1.5,1.5,1.5,1.5,1.5,1.5,1.5,1.5,1.5,1.5,1.5,1.5,1.5,1.5,1.5,1.5,1.5,1.5,1.5,1.5,1.5,1.5,1.5,1.5,1.5,1.5,1.5,1.5,1.5,1.5,1.5,1.5,1.5,1.5,1.5,1.5,1.5,1.5,1.5,1.5,1.5,1.5,1.5,1.5,1.5,1.5,1.5,1.5,1.5,1.5,1.5,1.5,1.5,1.5,1.5,1.5,1.5,1.5,1.5,1.5,1.5,1.5,1.5,1.5,1.5,1.5,1.5,1.5,1.5,1.5,1.5,1.5,1.5,1.5,1.5,1.5,1.5,1.5,1.5,1.5,1.5,1.5,1.5,1.5,1.5,1.5,1.5,1.5,1.5,1.5,1.5,1.5,1.5,1.5,1.5,1.5,1.5,1.5,1.5,1.5,1.5,1.5,1.5,1.5,1.5,1.5,1.5,1.5,1.5,1.5,1.5,1.5,1.5,1.5,1.5,1.5,1.5,1.5,1.5,1.5,1.5,1.5,1.5,1.5,1.5,1.5,1.5,1.5,1.5,1.5,1.5,1.5,1.5,1.5,1.5,1.5,1.5,1.5,1.5,1.5,1.5
blast_furnace	19483	19490	19484	1
blue_banner	11824	11839	11824	0
blue_bed	1907	1922	1910	0.5625
blue_candle	21977	21992	21980	0.375
blue_candle_cake	22081	22082	22082	0.875
blue_carpet	11628	11628	11628	0.0625
blue_concrete	13762	13762	13762	1
blue_concrete_powder	13778	13778	13778	1
blue_glazed_terracotta	13731	13734	13731	1
blue_ice	13996	13996	13996	1
blue_orchid	2124	2124	2124	0
blue_shulker_box	13657	13662	13661	1
blue_stained_glass	6135	6135	6135	1
blue_stained_glass_pane	10533	10564	10564	1
blue_terracotta	10176	10176	10176	1
blue_wall_banner	11948	11951	11948	0
blue_wool	2104	2104	2104	1
bone_block	13569	13571	13570	1
bookshelf	2142	2142	2142	1
brain_coral	13880	13881	13880	0
brain_coral_block	13864	13864	13864	1
brain_coral_fan	13900	13901	13900	0
brain_coral_wall_fan	13956	13963	13956	0
brewing_stand	8174	8181	8181	0.875
brick_slab	12153	12158	12156	1,1,0.5,0.5,1,1
brick_stairs	7400	7479	7411	1
brick_wall	15215	15538	15218	1.5,1.5,1.5,1.5,1.5,1.5,0,1.5,1.5,0,1.5,1.5,1.5,1.5,1.5,1.5,1.5,1.5,1.5,1.5,1.5,1.5,1.5,1.5,1.5,1.5,1.5,1.5,1.5,1.5,1.5,1.5,1.5,1.5,1.5,1.5,1.5,1.5,1.5,1.5,1.5,1.5,1.5,1.5,1.5,1.5,1.5,1.5,1.5,1.5,1.5,1.5,1.5,1.5,1.5,1.5,1.5,1.5,1.5,1.5,1.5,1.5,1.5,1.5,1.5,1.5,1.5,1.5,1.5,1.5,1.5,1.5,1.5,1.5,1.5,1.5,1.5,1.5,1.5,1.5,1.5,1.5,1.5,1.5,1.5,1.5,1.5,1.5,1.5,1.5,1.5,1.5,1.5,1.5,1.5,1.5,1.5,1.5,1.5,1.5,1.5,1.5,1.5,1.5,1.5,1.5,1.5,1.5,1.5,1.5,1.5,1.5,1.5,1.5,1.5,1.5,1.5,1.5,1.5,1.5,1.5,1.5,1.5,1.5,1.5,1.5,1.5,1.5,1.5,1.5,1.5,1.5,1.5,1.5,1.5,1.5,1.5,1.5,1.5,1.5,1.5,1.5,1.5,1.5,1.5,1.5,1.5,1.5,1.5,1.5,1.5,1.5,1.5,1.5,1.5,1.5,1.5,1.5,1.5,1.5,1.5,1.5,1.5,1.5,1.5,1.5,1.5,1.5,1.5,1.5,1.5,1.5,1.5,1.5,1.5,1.5,1.5,1.5,1.5,1.5,1.5,1.5,1.5,1.5,1.5,1.5,1.5,1.5,1.5,1.5,1.5,1.5,1.5,1.5,1.5,1.5,1.5,1.5,1.5,1.5,1.5,1.5,1.5,1.5,1.5,1.5,1.5,1.5,1.5,1.5,1.5,1.5,1.5,1.5,1.5,1.5,1.5,1.5,1.5,1.5,1.5,1.5,1.5,1.5,1.5,1.5,1.5,1.5,1.5,1.5,1.5,1.5,1.5,1.5,1.5,1.5,1.5,1.5,1.5,1.5,1.5,1.5,1.5,1.5,1.5,1.5,1.5,1.5,1.5,1.5,1.5,1.5,1.5,1.5,1.5,1.5,1.5,1.5,1.5,1.5,1.5,1.5,1.5,1.5,1.5,1.5,1.5,1.5,1.5,1.5,1.5,1.5,1.5,1.5,1.5,1.5,1.5,1.5,1.5,1.5,1.5,1.5,1.5,1.5,1.5,1.5,1.5,1.5,1.5,1.5,1.5,1.5,1.5,1.5,1.5,1.5,1.5,1.5,1.5,1.5,1.5,1.5,1.5,1.5,1.5,1.5,1.5,1.5,1.5,1.5,1.5,1.5,1.5,1.5,1.5,1.5,1.5,1.5,1.5,1.5,1.5,1.5,1.5,1.5
bricks	2139	2139	2139	1
brown_banner	11840	11855	11840	0
brown_bed	1923	1938	1926	0.5625
brown_candle	21993	22008	21996	0.375
brown_candle_cake	22083	22084	22084	0.875
brown_carpet	11629	11629	11629	0.0625
brown_concrete	13763	13763	13763	1
brown_concrete_powder	13779	13779	13779	1
brown_glazed_terracotta	13735	13738	13735	1
brown_mushroom	2135	2135	2135	0
brown_mushroom_block	6792	6855	6792	1
brown_shulker_box	13663	13668	13667	1
brown_stained_glass	6136	6136	6136	1
brown_stained_glass_pane	10565	10596	10596	1
brown_terracotta	10177	10177	10177	1
brown_wall_banner	11952	11955	11952	0
brown_wool	2105	2105	2105	1
bubble_column	14015	14016	14015	0
bubble_coral	13882	13883	13882	0
bubble_coral_block	13865	13865	13865	1
bubble_coral_fan	13902	13903	13902	0
bubble_coral_wall_fan	13964	13971	13964	0
budding_amethyst	22092	22092	22092	1
bush	2051	2051	2051	0
cactus	5960	5975	5960	0.9375
cactus_flower	5976	5976	5976	0
cake	6053	6059	6053	0.5
calcite	23376	23376	23376	1
calibrated_sculk_sensor	23475	23858	23476	0.5
campfire	19566	19597	19569	0.4375
candle	21785	21800	21788	0.375
candle_cake	22057	22058	22058	0.875
carrots	9380	9387	9380	0
cartography_table	19491	19491	19491	1
carved_pumpkin	6045	6048	6045	1
cauldron	8182	8182	8182	1
cave_air	14014	14014	14014	0
cave_vines	25829	25880	25830	0
cave_vines_plant	25881	25882	25882	0
chain	7016	7021	7019	0.59375,0.59375,1,1,0.59375,0.59375
chain_command_block	13550	13561	13556	1
cherry_button	9516	9539	9525	0
cherry_door	13037	13100	13048	1
cherry_fence	12621	12652	12652	1.5
cherry_fence_gate	12333	12364	12340	0,0,1.5,1.5,0,0,1.5,1.5,0,0,1.5,1.5,0,0,1.5,1.5,0,0,1.5,1.5,0,0,1.5,1.5,0,0,1.5,1.5,0,0,1.5,1.5
cherry_hanging_sign	5194	5257	5227	0
cherry_leaves	392	419	419	1
cherry_log	151	153	152	1
cherry_planks	20	20	20	1
cherry_pressure_plate	5902	5903	5903	0
cherry_sapling	39	40	39	0
cherry_sign	4494	4525	4495	0
cherry_slab	12081	12086	12084	1,1,0.5,0.5,1,1
cherry_stairs	10773	10852	10784	1
cherry_trapdoor	6460	6523	6475	1,1,1,1,1,1,1,1,1,1,1,1,0.1875,0.1875,0.1875,0.1875,1,1,1,1,1,1,1,1,1,1,1,1,0.1875,0.1875,0.1875,0.1875,1,1,1,1,1,1,1,1,1,1,1,1,0.1875,0.1875,0.1875,0.1875,1,1,1,1,1,1,1,1,1,1,1,1,0.1875,0.1875,0.1875,0.1875
cherry_wall_hanging_sign	5738	5745	5739	1
cherry_wall_sign	4890	4897	4891	0
cherry_wood	216	218	217	1
chest	3018	3041	3019	0.875
chipped_anvil	9920	9923	9920	1
chiseled_bookshelf	2143	2398	2206	1
chiseled_copper	24011	24011	24011	1
chiseled_deepslate	27643	27643	27643	1
chiseled_nether_bricks	21782	21782	21782	1
chiseled_polished_blackstone	20934	20934	20934	1
chiseled_quartz_block	10045	10045	10045	1
chiseled_red_sandstone	11969	11969	11969	1
chiseled_resin_bricks	8055	8055	8055	1
chiseled_sandstone	579	579	579	1
chiseled_stone_bricks	6783	6783	6783	1
chiseled_tuff	22963	22963	22963	1
chiseled_tuff_bricks	23375	23375	23375	1
chorus_flower	13427	13432	13427	1
chorus_plant	13363	13426	13426	1,1,0.8125,0.8125,1,1,0.8125,0.8125,1,1,0.8125,0.8125,1,1,0.8125,0.8125,1,1,0.8125,0.8125,1,1,0.8125,0.8125,1,1,0.8125,0.8125,1,1,0.8125,0.8125,1,1,0.8125,0.8125,1,1,0.8125,0.8125,1,1,0.8125,0.8125,1,1,0.8125,0.8125,1,1,0.8125,0.8125,1,1,0.8125,0.8125,1,1,0.8125,0.8125,1,1,0.8125,0.8125
clay	5977	5977	5977	1
closed_eyeblossom	27942	27942	27942	0
coal_block	11634	11634	11634	1
coal_ore	133	133	133	1
coarse_dirt	11	11	11	1
cobbled_deepslate	25999	25999	25999	1
cobbled_deepslate_slab	26080	26085	26083	1,1,0.5,0.5,1,1
cobbled_deepslate_stairs	26000	26079	26011	1
cobbled_deepslate_wall	26086	26409	26089	1.5,1.5,1.5,1.5,1.5,1.5,0,1.5,1.5,0,1.5,1.5,1.5,1.5,1.5,1.5,1.5,1.5,1.5,1.5,1.5,1.5,1.5,1.5,1.5,1.5,1.5,1.5,1.5,1.5,1.5,1.5,1.5,1.5,1.5,1.5,1.5,1.5,1.5,1.5,1.5,1.5,1.5,1.5,1.5,1.5,1.5,1.5,1.5,1.5,1.5,1.5,1.5,1.5,1.5,1.5,1.5,1.5,1.5,1.5,1.5,1.5,1.5,1.5,1.5,1.5,1.5,1.5,1.5,1.5,1.5,1.5,1.5,1.5,1.5,1.5,1.5,1.5,1.5,1.5,1.5,1.5,1.5,1.5,1.5,1.5,1.5,1.5,1.5,1.5,1.5,1.5,1.5,1.5,1.5,1.5,1.5,1.5,1.5,1.5,1.5,1.5,1.5,1.5,1.5,1.5,1.5,1.5,1.5,1.5,1.5,1.5,1.5,1.5,1.5,1.5,1.5,1.5,1.5,1.5,1.5,1.5,1.5,1.5,1.5,1.5,1.5,1.5,1.5,1.5,1.5,1.5,1.5,1.5,1.5,1.5,1.5,1.5,1.5,1.5,1.5,1.5,1.5,1.5,1.5,1.5,1.5,1.5,1.5,1.5,1.5,1.5,1.5,1.5,1.5,1.5,1.5,1.5,1.5,1.5,1.5,1.5,1.5,1.5,1.5,1.5,1.5,1.5,1.5,1.5,1.5,1.5,1.5,1.5,1.5,1.5,1.5,1.5,1.5,1.5,1.5,1.5,1.5,1.5,1.5,1.5,1.5,1.5,1.5,1.5,1.5,1.5,1.5,1.5,1.5,1.5,1.5,1.5,1.5,1.5,1.5,1.5,1.5,1.5,1.5,1.5,1.5,1.5,1.5,1.5,1.5,1.5,1.5,1.5,1.5,1.5,1.5,1.5,1.5,1.5,1.5,1.5,1.5,1.5,1.5,1.5,1.5,1.5,1.5,1.5,1.5,1.5,1.5,1.5,1.5,1.5,1.5,1.5,1.5,1.5,1.5,1.5,1.5,1.5,1.5,1.5,1.5,1.5,1.5,1.5,1.5,1.5,1.5,1.5,1.5,1.5,1.5,1.5,1.5,1.5,1.5,1.5,1.5,1.5,1.5,1.5,1.5,1.5,1.5,1.5,1.5,1.5,1.5,1.5,1.5,1.5,1.5,1.5,1.5,1.5,1.5,1.5,1.5,1.5,1.5,1.5,1.5,1.5,1.5,1.5,1.5,1.5,1.5,1.5,1.5,1.5,1.5,1.5,1.5,1.5,1.5,1.5,1.5,1.5,1.5,1.5,1.5,1.5,1.5,1.5,1.5,1.5,1.5,1.5,1.5,1.5,1.5,1.5,1.5,1.5,1.5,1.5,1.5,1.5
cobblestone	14	14	14	1
cobblestone_slab	12147	12152	12150	1,1,0.5,0.5,1,1
cobblestone_stairs	4778	4857	4789	1
cobblestone_wall	8703	9026	8706	1.5,1.5,1.5,1.5,1.5,1.5,0,1.5,1.5,0,1.5,1.5,1.5,1.5,1.5,1.5,1.5,1.5,1.5,1.5,1.5,1.5,1.5,1.5,1.5,1.5,1.5,1.5,1.5,1.5,1.5,1.5,1.5,1.5,1.5,1.5,1.5,1.5,1.5,1.5,1.5,1.5,1.5,1.5,1.5,1.5,1.5,1.5,1.5,1.5,1.5,1.5,1.5,1.5,1.5,1.5,1.5,1.5,1.5,1.5,1.5,1.5,1.5,1.5,1.5,1.5,1.5,1.5,1.5,1.5,1.5,1.5,1.5,1.5,1.5,1.5,1.5,1.5,1.5,1.5,1.5,1.5,1.5,1.5,1.5,1.5,1.5,1.5,1.5,1.5,1.5,1.5,1.5,1.5,1.5,1.5,1.5,1.5,1.5,1.5,1.5,1.5,1.5,1.5,1.5,1.5,1.5,1.5,1.5,1.5,1.5,1.5,1.5,1.5,1.5,1.5,1.5,1.5,1.5,1.5,1.5,1.5,1.5,1.5,1.5,1.5,1.5,1.5,1.5,1.5,1.5,1.5,1.5,1.5,1.5,1.5,1.5,1.5,1.5,1.5,1.5,1.5,1.5,1.5,1.5,1.5,1.5,1.5,1.5,1.5,1.5,1.5,1.5,1.5,1.5,1.5,1.5,1.5,1.5,1.5,1.5,1.5,1.5,1.5,1.5,1.5,1.5,1.5,1.5,1.5,1.5,1.5,1.5,1.5,1.5,1.5,1.5,1.5,1.5,1.5,1.5,1.5,1.5,1.5,1.5,1.5,1.5,1.5,1.5,1.5,1.5,1.5,1.5,1.5,1.5,1.5,1.5,1.5,1.5,1.5,1.5,1.5,1.5,1.5,1.5,1.5,1.5,1.5,1.5,1.5,1.5,1.5,1.5,1.5,1.5,1.5,1.5,1.5,1.5,1.5,1.5,1.5,1.5,1.5,1.5,1.5,1.5,1.5,1.5,1.5,1.5,1.5,1.5,1.5,1.5,1.5,1.5,1.5,1.5,1.5,1.5,1.5,1.5,1.5,1.5,1.5,1.5,1.5,1.5,1.5,1.5,1.5,1.5,1.5,1.5,1.5,1.5,1.5,1.5,1.5,1.5,1.5,1.5,1.5,1.5,1.5,1.5,1.5,1.5,1.5,1.5,1.5,1.5,1.5,1.5,1.5,1.5,1.5,1.5,1.5,1.5,1.5,1.5,1.5,1.5,1.5,1.5,1.5,1.5,1.5,1.5,1.5,1.5,1.5,1.5,1.5,1.5,1.5,1.5,1.5,1.5,1.5,1.5,1.5,1.5,1.5,1.5,1.5,1.5,1.5,1.5,1.5,1.5,1.5,1.5,1.5,1.5,1.5,1.5,1.5,1.5,1.5,1.5,1.5
cobweb	2047	2047	2047	0
cocoa	8203	8214	8203	0.75
command_block	8690	8701	8696	1
comparator	9984	9999	9985	0.125
composter	20432	20440	20432	1
conduit	13997	13998	13997	0.6875
copper_block	23998	23998	23998	1
copper_bulb	25752	25755	25755	1
copper_door	24712	24775	24723	1
copper_grate	25736	25737	25737	1
copper_ore	24002	24002	24002	1
copper_trapdoor	25224	25287	25239	1,1,1,1,1,1,1,1,1,1,1,1,0.1875,0.1875,0.1875,0.1875,1,1,1,1,1,1,1,1,1,1,1,1,0.1875,0.1875,0.1875,0.1875,1,1,1,1,1,1,1,1,1,1,1,1,0.1875,0.1875,0.1875,0.1875,1,1,1,1,1,1,1,1,1,1,1,1,0.1875,0.1875,0.1875,0.1875
cornflower	2132	2132	2132	0
cracked_deepslate_bricks	27644	27644	27644	1
cracked_deepslate_tiles	27645	27645	27645	1
cracked_nether_bricks	21783	21783	21783	1
cracked_polished_blackstone_bricks	20933	20933	20933	1
cracked_stone_bricks	6782	6782	6782	1
crafter	27682	27729	27727	1
crafting_table	4341	4341	4341	1
creaking_heart	2920	2937	2927	1
creeper_head	9796	9827	9812	0.5
creeper_wall_head	9828	9835	9829	0.75
crimson_button	20155	20178	20164	0
crimson_door	20203	20266	20214	1
crimson_fence	19739	19770	19770	1.5
crimson_fence_gate	19931	19962	19938	0,0,1.5,1.5,0,0,1.5,1.5,0,0,1.5,1.5,0,0,1.5,1.5,0,0,1.5,1.5,0,0,1.5,1.5,0,0,1.5,1.5,0,0,1.5,1.5
crimson_fungus	19664	19664	19664	0
crimson_hanging_sign	5450	5513	5483	0
crimson_hyphae	19657	19659	19658	1
crimson_nylium	19663	19663	19663	1
crimson_planks	19721	19721	19721	1
crimson_pressure_plate	19735	19736	19736	0
crimson_roots	19720	19720	19720	0
crimson_sign	20331	20362	20332	0
crimson_slab	19723	19728	19726	1,1,0.5,0.5,1,1
crimson_stairs	19995	20074	20006	1
crimson_stem	19651	19653	19652	1
crimson_trapdoor	19803	19866	19818	1,1,1,1,1,1,1,1,1,1,1,1,0.1875,0.1875,0.1875,0.1875,1,1,1,1,1,1,1,1,1,1,1,1,0.1875,0.1875,0.1875,0.1875,1,1,1,1,1,1,1,1,1,1,1,1,0.1875,0.1875,0.1875,0.1875,1,1,1,1,1,1,1,1,1,1,1,1,0.1875,0.1875,0.1875,0.1875
crimson_wall_hanging_sign	5778	5785	5779	1
crimson_wall_sign	20395	20402	20396	0
crying_obsidian	20509	20509	20509	1
cut_copper	24007	24007	24007	1
cut_copper_slab	24354	24359	24357	1,1,0.5,0.5,1,1
cut_copper_stairs	24256	24335	24267	1
cut_red_sandstone	11970	11970	11970	1
cut_red_sandstone_slab	12189	12194	12192	1,1,0.5,0.5,1,1
cut_sandstone	580	580	580	1
cut_sandstone_slab	12135	12140	12138	1,1,0.5,0.5,1,1
cyan_banner	11792	11807	11792	0
cyan_bed	1875	1890	1878	0.5625
cyan_candle	21945	21960	21948	0.375
cyan_candle_cake	22077	22078	22078	0.875
cyan_carpet	11626	11626	11626	0.0625
cyan_concrete	13760	13760	13760	1
cyan_concrete_powder	13776	13776	13776	1
cyan_glazed_terracotta	13723	13726	13723	1
cyan_shulker_box	13645	13650	13649	1
cyan_stained_glass	6133	6133	6133	1
cyan_stained_glass_pane	10469	10500	10500	1
cyan_terracotta	10174	10174	10174	1
cyan_wall_banner	11940	11943	11940	0
cyan_wool	2102	2102	2102	1
damaged_anvil	9924	9927	9924	1
dandelion	2121	2121	2121	0
dark_oak_button	9540	9563	9549	0
dark_oak_door	13101	13164	13112	1
dark_oak_fence	12653	12684	12684	1.5
dark_oak_fence_gate	12365	12396	12372	0,0,1.5,1.5,0,0,1.5,1.5,0,0,1.5,1.5,0,0,1.5,1.5,0,0,1.5,1.5,0,0,1.5,1.5,0,0,1.5,1.5,0,0,1.5,1.5
dark_oak_hanging_sign	5322	5385	5355	0
dark_oak_leaves	420	447	447	1
dark_oak_log	154	156	155	1
dark_oak_planks	21	21	21	1
dark_oak_pressure_plate	5904	5905	5905	0
dark_oak_sapling	41	42	41	0
dark_oak_sign	4558	4589	4559	0
dark_oak_slab	12087	12092	12090	1,1,0.5,0.5,1,1
dark_oak_stairs	10853	10932	10864	1
dark_oak_trapdoor	6524	6587	6539	1,1,1,1,1,1,1,1,1,1,1,1,0.1875,0.1875,0.1875,0.1875,1,1,1,1,1,1,1,1,1,1,1,1,0.1875,0.1875,0.1875,0.1875,1,1,1,1,1,1,1,1,1,1,1,1,0.1875,0.1875,0.1875,0.1875,1,1,1,1,1,1,1,1,1,1,1,1,0.1875,0.1875,0.1875,0.1875
dark_oak_wall_hanging_sign	5754	5761	5755	1
dark_oak_wall_sign	4906	4913	4907	0
dark_oak_wood	219	221	220	1
dark_prismarine	11354	11354	11354	1
dark_prismarine_slab	11607	11612	11610	1,1,0.5,0.5,1,1
dark_prismarine_stairs	11515	11594	11526	1
daylight_detector	10000	10031	10016	0.375
dead_brain_coral	13870	13871	13870	0
dead_brain_coral_block	13859	13859	13859	1
dead_brain_coral_fan	13890	13891	13890	0
dead_brain_coral_wall_fan	13916	13923	13916	0
dead_bubble_coral	13872	13873	13872	0
dead_bubble_coral_block	13860	13860	13860	1
dead_bubble_coral_fan	13892	13893	13892	0
dead_bubble_coral_wall_fan	13924	13931	13924	0
dead_bush	2050	2050	2050	0
dead_fire_coral	13874	13875	13874	0
dead_fire_coral_block	13861	13861	13861	1
dead_fire_coral_fan	13894	13895	13894	0
dead_fire_coral_wall_fan	13932	13939	13932	0
dead_horn_coral	13876	13877	13876	0
dead_horn_coral_block	13862	13862	13862	1
dead_horn_coral_fan	13896	13897	13896	0
dead_horn_coral_wall_fan	13940	13947	13940	0
dead_tube_coral	13868	13869	13868	0
dead_tube_coral_block	13858	13858	13858	1
dead_tube_coral_fan	13888	13889	13888	0
dead_tube_coral_wall_fan	13908	13915	13908	0
decorated_pot	27666	27681	27675	1
deepslate	25996	25998	25997	1
deepslate_brick_slab	27313	27318	27316	1,1,0.5,0.5,1,1
deepslate_brick_stairs	27233	27312	27244	1
deepslate_brick_wall	27319	27642	27322	1.5,1.5,1.5,1.5,1.5,1.5,0,1.5,1.5,0,1.5,1.5,1.5,1.5,1.5,1.5,1.5,1.5,1.5,1.5,1.5,1.5,1.5,1.5,1.5,1.5,1.5,1.5,1.5,1.5,1.5,1.5,1.5,1.5,1.5,1.5,1.5,1.5,1.5,1.5,1.5,1.5,1.5,1.5,1.5,1.5,1.5,1.5,1.5,1.5,1.5,1.5,1.5,1.5,1.5,1.5,1.5,1.5,1.5,1.5,1.5,1.5,1.5,1.5,1.5,1.5,1.5,1.5,1.5,1.5,1.5,1.5,1.5,1.5,1.5,1.5,1.5,1.5,1.5,1.5,1.5,1.5,1.5,1.5,1.5,1.5,1.5,1.5,1.5,1.5,1.5,1.5,1.5,1.5,1.5,1.5,1.5,1.5,1.5,1.5,1.5,1.5,1.5,1.5,1.5,1.5,1.5,1.5,1.5,1.5,1.5,1.5,1.5,1.5,1.5,1.5,1.5,1.5,1.5,1.5,1.5,1.5,1.5,1.5,1.5,1.5,1.5,1.5,1.5,1.5,1.5,1.5,1.5,1.5,1.5,1.5,1.5,1.5,1.5,1.5,1.5,1.5,1.5,1.5,1.5,1.5,1.5,1.5,1.5,1.5,1.5,1.5,1.5,1.5,1.5,1.5,1.5,1.5,1.5,1.5,1.5,1.5,1.5,1.5,1.5,1.5,1.5,1.5,1.5,1.5,1.5,1.5,1.5,1.5,1.5,1.5,1.5,1.5,1.5,1.5,1.5,1.5,1.5,1.5,1.5,1.5,1.5,1.5,1.5,1.5,1.5,1.5,1.5,1.5,1.5,1.5,1.5,1.5,1.5,1.5,1.5,1.5,1.5,1.5,1.5,1.5,1.5,1.5,1.5,1.5,1.5,1.5,1.5,1.5,1.5,1.5,1.5,1.5,1.5,1.5,1.5,1.5,1.5,1.5,1.5,1.5,1.5,1.5,1.5,1.5,1.5,1.5,1.5,1.5,1.5,1.5,1.5,1.5,1.5,1.5,1.5,1.5,1.5,1.5,1.5,1.5,1.5,1.5,1.5,1.5,1.5,1.5,1.5,1.5,1.5,1.5,1.5,1.5,1.5,1.5,1.5,1.5,1.5,1.5,1.5,1.5,1.5,1.5,1.5,1.5,1.5,1.5,1.5,1.5,1.5,1.5,1.5,1.5,1.5,1.5,1.5,1.5,1.5,1.5,1.5,1.5,1.5,1.5,1.5,1.5,1.5,1.5,1.5,1.5,1.5,1.5,1.5,1.5,1.5,1.5,1.5,1.5,1.5,1.5,1.5,1.5,1.5,1.5,1.5,1.5,1.5,1.5,1.5,1.5,1.5,1.5,1.5,1.5,1.5,1.5,1.5,1.5,1.5,1.5
deepslate_bricks	27232	27232	27232	1
deepslate_coal_ore	134	134	134	1
deepslate_copper_ore	24003	24003	24003	1
deepslate_diamond_ore	4339	4339	4339	1
deepslate_emerald_ore	8296	8296	8296	1
deepslate_gold_ore	130	130	130	1
deepslate_iron_ore	132	132	132	1
deepslate_lapis_ore	564	564	564	1
deepslate_redstone_ore	5914	5915	5915	1
deepslate_tile_slab	26902	26907	26905	1,1,0.5,0.5,1,1
deepslate_tile_stairs	26822	26901	26833	1
deepslate_tile_wall	26908	27231	26911	1.5,1.5,1.5,1.5,1.5,1.5,0,1.5,1.5,0,1.5,1.5,1.5,1.5,1.5,1.5,1.5,1.5,1.5,1.5,1.5,1.5,1.5,1.5,1.5,1.5,1.5,1.5,1.5,1.5,1.5,1.5,1.5,1.5,1.5,1.5,1.5,1.5,1.5,1.5,1.5,1.5,1.5,1.5,1.5,1.5,1.5,1.5,1.5,1.5,1.5,1.5,1.5,1.5,1.5,1.5,1.5,1.5,1.5,1.5,1.5,1.5,1.5,1.5,1.5,1.5,1.5,1.5,1.5,1.5,1.5,1.5,1.5,1.5,1.5,1.5,1.5,1.5,1.5,1.5,1.5,1.5,1.5,1.5,1.5,1.5,1.5,1.5,1.5,1.5,1.5,1.5,1.5,1.5,1.5,1.5,1.5,1.5,1.5,1.5,1.5,1.5,1.5,1.5,1.5,1.5,1.5,1.5,1.5,1.5,1.5,1.5,1.5,1.5,1.5,1.5,1.5,1.5,1.5,1.5,1.5,1.5,1.5,1.5,1.5,1.5,1.5,1.5,1.5,1.5,1.5,1.5,1.5,1.5,1.5,1.5,1.5,1.5,1.5,1.5,1.5,1.5,1.5,1.5,1.5,1.5,1.5,1.5,1.5,1.5,1.5,1.5,1.5,1.5,1.5,1.5,1.5,1.5,1.5,1.5,1.5,1.5,1.5,1.5,1.5,1.5,1.5,1.5,1.5,1.5,1.5,1.5,1.5,1.5,1.5,1.5,1.5,1.5,1.5,1.5,1.5,1.5,1.5,1.5,1.5,1.5,1.5,1.5,1.5,1.5,1.5,1.5,1.5,1.5,1.5,1.5,1.5,1.5,1.5,1.5,1.5,1.5,1.5,1.5,1.5,1.5,1.5,1.5,1.5,1.5,1.5,1.5,1.5,1.5,1.5,1.5,1.5,1.5,1.5,1.5,1.5,1.5,1.5,1.5,1.5,1.5,1.5,1.5,1.5,1.5,1.5,1.5,1.5,1.5,1.5,1.5,1.5,1.5,1.5,1.5,1.5,1.5,1.5,1.5,1.5,1.5,1.5,1.5,1.5,1.5,1.5,1.5,1.5,1.5,1.5,1.5,1.5,1.5,1.5,1.5,1.5,1.5,1.5,1.5,1.5,1.5,1.5,1.5,1.5,1.5,1.5,1.5,1.5,1.5,1.5,1.5,1.5,1.5,1.5,1.5,1.5,1.5,1.5,1.5,1.5,1.5,1.5,1.5,1.5,1.5,1.5,1.5,1.5,1.5,1.5,1.5,1.5,1.5,1.5,1.5,1.5,1.5,1.5,1.5,1.5,1.5,1.5,1.5,1.5,1.5,1.5,1.5,1.5,1.5,1.5,1.5,1.5,1.5,1.5,1.5,1.5,1.5,1.5,1.5
deepslate_tiles	26821	26821	26821	1
detector_rail	2011	2034	2024	0
diamond_block	4340	4340	4340	1
diamond_ore	4338	4338	4338	1
diorite	4	4	4	1
diorite_slab	15209	15214	15212	1,1,0.5,0.5,1,1
diorite_stairs	15057	15136	15068	1
diorite_wall	19103	19426	19106	1.5,1.5,1.5,1.5,1.5,1.5,0,1.5,1.5,0,1.5,1.5,1.5,1.5,1.5,1.5,1.5,1.5,1.5,1.5,1.5,1.5,1.5,1.5,1.5,1.5,1.5,1.5,1.5,1.5,1.5,1.5,1.5,1.5,1.5,1.5,1.5,1.5,1.5,1.5,1.5,1.5,1.5,1.5,1.5,1.5,1.5,1.5,1.5,1.5,1.5,1.5,1.5,1.5,1.5,1.5,1.5,1.5,1.5,1.5,1.5,1.5,1.5,1.5,1.5,1.5,1.5,1.5,1.5,1.5,1.5,1.5,1.5,1.5,1.5,1.5,1.5,1.5,1.5,1.5,1.5,1.5,1.5,1.5,1.5,1.5,1.5,1.5,1.5,1.5,1.5,1.5,1.5,1.5,1.5,1.5,1.5,1.5,1.5,1.5,1.5,1.5,1.5,1.5,1.5,1.5,1.5,1.5,1.5,1.5,1.5,1.5,1.5,1.5,1.5,1.5,1.5,1.5,1.5,1.5,1.5,1.5,1.5,1.5,1.5,1.5,1.5,1.5,1.5,1.5,1.5,1.5,1.5,1.5,1.5,1.5,1.5,1.5,1.5,1.5,1.5,1.5,1.5,1.5,1.5,1.5,1.5,1.5,1.5,1.5,1.5,1.5,1.5,1.5,1.5,1.5,1.5,1.5,1.5,1.5,1.5,1.5,1.5,1.5,1.5,1.5,1.5,1.5,1.5,1.5,1.5,1.5,1.5,1.5,1.5,1.5,1.5,1.5,1.5,1.5,1.5,1.5,1.5,1.5,1.5,1.5,1.5,1.5,1.5,1.5,1.5,1.5,1.5,1.5,1.5,1.5,1.5,1.5,1.5,1.5,1.5,1.5,1.5,1.5,1.5,1.5,1.5,1.5,1.5,1.5,1.5,1.5,1.5,1.5,1.5,1.5,1.5,1.5,1.5,1.5,1.5,1.5,1.5,1.5,1.5,1.5,1.5,1.5,1.5,1.5,1.5,1.5,1.5,1.5,1.5,1.5,1.5,1.5,1.5,1.5,1.5,1.5,1.5,1.5,1.5,1.5,1.5,1.5,1.5,1.5,1.5,1.5,1.5,1.5,1.5,1.5,1.5,1.5,1.5,1.5,1.5,1.5,1.5,1.5,1.5,1.5,1.5,1.5,1.5,1.5,1.5,1.5,1.5,1.5,1.5,1.5,1.5,1.5,1.5,1.5,1.5,1.5,1.5,1.5,1.5,1.5,1.5,1.5,1.5,1.5,1.5,1.5,1.5,1.5,1.5,1.5,1.5,1.5,1.5,1.5,1.5,1.5,1.5,1.5,1.5,1.5,1.5,1.5,1.5,1.5,1.5,1.5,1.5,1.5,1.5,1.5,1.5,1.5,1.5,1.5,1.5,1.5,1.5,1.5
dirt	10	10	10	1
dirt_path	13536	13536	13536	0.9375
dispenser	566	577	567	1
dragon_egg	8200	8200	8200	1
dragon_head	9836	9867	9852	0.5
dragon_wall_head	9868	9875	9869	0.75
dried_ghast	13826	13857	13827	0.625
dried_kelp_block	13810	13810	13810	1
dripstone_block	25828	25828	25828	1
dropper	10153	10164	10154	1
emerald_block	8449	8449	8449	1
emerald_ore	8295	8295	8295	1
enchanting_table	8173	8173	8173	0.75
end_gateway	13537	13537	13537	0
end_portal	8190	8190	8190	0
end_portal_frame	8191	8198	8195	1,1,1,1,0.8125,0.8125,0.8125,0.8125
end_rod	13357	13362	13361	0.625,0.625,0.625,0.625,1,1
end_stone	8199	8199	8199	1
end_stone_brick_slab	15167	15172	15170	1,1,0.5,0.5,1,1
end_stone_brick_stairs	14417	14496	14428	1
end_stone_brick_wall	18779	19102	18782	1.5,1.5,1.5,1.5,1.5,1.5,0,1.5,1.5,0,1.5,1.5,1.5,1.5,1.5,1.5,1.5,1.5,1.5,1.5,1.5,1.5,1.5,1.5,1.5,1.5,1.5,1.5,1.5,1.5,1.5,1.5,1.5,1.5,1.5,1.5,1.5,1.5,1.5,1.5,1.5,1.5,1.5,1.5,1.5,1.5,1.5,1.5,1.5,1.5,1.5,1.5,1.5,1.5,1.5,1.5,1.5,1.5,1.5,1.5,1.5,1.5,1.5,1.5,1.5,1.5,1.5,1.5,1.5,1.5,1.5,1.5,1.5,1.5,1.5,1.5,1.5,1.5,1.5,1.5,1.5,1.5,1.5,1.5,1.5,1.5,1.5,1.5,1.5,1.5,1.5,1.5,1.5,1.5,1.5,1.5,1.5,1.5,1.5,1.5,1.5,1.5,1.5,1.5,1.5,1.5,1.5,1.5,1.5,1.5,1.5,1.5,1.5,1.5,1.5,1.5,1.5,1.5,1.5,1.5,1.5,1.5,1.5,1.5,1.5,1.5,1.5,1.5,1.5,1.5,1.5,1.5,1.5,1.5,1.5,1.5,1.5,1.5,1.5,1.5,1.5,1.5,1.5,1.5,1.5,1.5,1.5,1.5,1.5,1.5,1.5,1.5,1.5,1.5,1.5,1.5,1.5,1.5,1.5,1.5,1.5,1.5,1.5,1.5,1.5,1.5,1.5,1.5,1.5,1.5,1.5,1.5,1.5,1.5,1.5,1.5,1.5,1.5,1.5,1.5,1.5,1.5,1.5,1.5,1.5,1.5,1.5,1.5,1.5,1.5,1.5,1.5,1.5,1.5,1.5,1.5,1.5,1.5,1.5,1.5,1.5,1.5,1.5,1.5,1.5,1.5,1.5,1.5,1.5,1.5,1.5,1.5,1.5,1.5,1.5,1.5,1.5,1.5,1.5,1.5,1.5,1.5,1.5,1.5,1.5,1.5,1.5,1.5,1.5,1.5,1.5,1.5,1.5,1.5,1.5,1.5,1.5,1.5,1.5,1.5,1.5,1.5,1.5,1.5,1.5,1.5,1.5,1.5,1.5,1.5,1.5,1.5,1.5,1.5,1.5,1.5,1.5,1.5,1.5,1.5,1.5,1.5,1.5,1.5,1.5,1.5,1.5,1.5,1.5,1.5,1.5,1.5,1.5,1.5,1.5,1.5,1.5,1.5,1.5,1.5,1.5,1.5,1.5,1.5,1.5,1.5,1.5,1.5,1.5,1.5,1.5,1.5,1.5,1.5,1.5,1.5,1.5,1.5,1.5,1.5,1.5,1.5,1.5,1.5,1.5,1.5,1.5,1.5,1.5,1.5,1.5,1.5,1.5,1.5,1.5,1.5,1.5,1.5,1.5,1.5,1.5,1.5,1.5,1.5
end_stone_bricks	13517	13517	13517	1
ender_chest	8297	8304	8298	0.875
exposed_chiseled_copper	24010	24010	24010	1
exposed_copper	23999	23999	23999	1
exposed_copper_bulb	25756	25759	25759	1
exposed_copper_door	24776	24839	24787	1
exposed_copper_grate	25738	25739	25739	1
exposed_copper_trapdoor	25288	25351	25303	1,1,1,1,1,1,1,1,1,1,1,1,0.1875,0.1875,0.1875,0.1875,1,1,1,1,1,1,1,1,1,1,1,1,0.1875,0.1875,0.1875,0.1875,1,1,1,1,1,1,1,1,1,1,1,1,0.1875,0.1875,0.1875,0.1875,1,1,1,1,1,1,1,1,1,1,1,1,0.1875,0.1875,0.1875,0.1875
exposed_cut_copper	24006	24006	24006	1
exposed_cut_copper_slab	24348	24353	24351	1,1,0.5,0.5,1,1
exposed_cut_copper_stairs	24176	24255	24187	1
farmland	4350	4357	4350	0.9375
fern	2049	2049	2049	0
fire	2406	2917	2437	0
fire_coral	13884	13885	13884	0
fire_coral_block	13866	13866	13866	1
fire_coral_fan	13904	13905	13904	0
fire_coral_wall_fan	13972	13979	13972	0
firefly_bush	27945	27945	27945	0
fletching_table	19492	19492	19492	1
flower_pot	9351	9351	9351	0.375
flowering_azalea	25885	25885	25885	1
flowering_azalea_leaves	532	559	559	1
frogspawn	27664	27664	27664	0
frosted_ice	13562	13565	13562	1
furnace	4358	4365	4359	1
gilded_blackstone	21345	21345	21345	1
glass	562	562	562	1
glass_pane	7022	7053	7053	1
glow_lichen	7112	7239	7239	0
glowstone	6042	6042	6042	1
gold_block	2137	2137	2137	1
gold_ore	129	129	129	1
granite	2	2	2	1
granite_slab	15185	15190	15188	1,1,0.5,0.5,1,1
granite_stairs	14737	14816	14748	1
granite_wall	16511	16834	16514	1.5,1.5,1.5,1.5,1.5,1.5,0,1.5,1.5,0,1.5,1.5,1.5,1.5,1.5,1.5,1.5,1.5,1.5,1.5,1.5,1.5,1.5,1.5,1.5,1.5,1.5,1.5,1.5,1.5,1.5,1.5,1.5,1.5,1.5,1.5,1.5,1.5,1.5,1.5,1.5,1.5,1.5,1.5,1.5,1.5,1.5,1.5,1.5,1.5,1.5,1.5,1.5,1.5,1.5,1.5,1.5,1.5,1.5,1.5,1.5,1.5,1.5,1.5,1.5,1.5,1.5,1.5,1.5,1.5,1.5,1.5,1.5,1.5,1.5,1.5,1.5,1.5,1.5,1.5,1.5,1.5,1.5,1.5,1.5,1.5,1.5,1.5,1.5,1.5,1.5,1.5,1.5,1.5,1.5,1.5,1.5,1.5,1.5,1.5,1.5,1.5,1.5,1.5,1.5,1.5,1.5,1.5,1.5,1.5,1.5,1.5,1.5,1.5,1.5,1.5,1.5,1.5,1.5,1.5,1.5,1.5,1.5,1.5,1.5,1.5,1.5,1.5,1.5,1.5,1.5,1.5,1.5,1.5,1.5,1.5,1.5,1.5,1.5,1.5,1.5,1.5,1.5,1.5,1.5,1.5,1.5,1.5,1.5,1.5,1.5,1.5,1.5,1.5,1.5,1.5,1.5,1.5,1.5,1.5,1.5,1.5,1.5,1.5,1.5,1.5,1.5,1.5,1.5,1.5,1.5,1.5,1.5,1.5,1.5,1.5,1.5,1.5,1.5,1.5,1.5,1.5,1.5,1.5,1.5,1.5,1.5,1.5,1.5,1.5,1.5,1.5,1.5,1.5,1.5,1.5,1.5,1.5,1.5,1.5,1.5,1.5,1.5,1.5,1.5,1.5,1.5,1.5,1.5,1.5,1.5,1.5,1.5,1.5,1.5,1.5,1.5,1.5,1.5,1.5,1.5,1.5,1.5,1.5,1.5,1.5,1.5,1.5,1.5,1.5,1.5,1.5,1.5,1.5,1.5,1.5,1.5,1.5,1.5,1.5,1.5,1.5,1.5,1.5,1.5,1.5,1.5,1.5,1.5,1.5,1.5,1.5,1.5,1.5,1.5,1.5,1.5,1.5,1.5,1.5,1.5,1.5,1.5,1.5,1.5,1.5,1.5,1.5,1.5,1.5,1.5,1.5,1.5,1.5,1.5,1.5,1.5,1.5,1.5,1.5,1.5,1.5,1.5,1.5,1.5,1.5,1.5,1.5,1.5,1.5,1.5,1.5,1.5,1.5,1.5,1.5,1.5,1.5,1.5,1.5,1.5,1.5,1.5,1.5,1.5,1.5,1.5,1.5,1.5,1.5,1.5,1.5,1.5,1.5,1.5,1.5,1.5,1.5,1.5,1.5,1.5,1.5,1.5,1.5
grass_block	8	9	9	1
gravel	124	124	124	1
gray_banner	11760	11775	11760	0
gray_bed	1843	1858	1846	0.5625
gray_candle	21913	21928	21916	0.375
gray_candle_cake	22073	22074	22074	0.875
gray_carpet	11624	11624	11624	0.0625
gray_concrete	13758	13758	13758	1
gray_concrete_powder	13774	13774	13774	1
gray_glazed_terracotta	13715	13718	13715	1
gray_shulker_box	13633	13638	13637	1
gray_stained_glass	6131	6131	6131	1
gray_stained_glass_pane	10405	10436	10436	1
gray_terracotta	10172	10172	10172	1
gray_wall_banner	11932	11935	11932	0
gray_wool	2100	2100	2100	1
green_banner	11856	11871	11856	0
green_bed	1939	1954	1942	0.5625
green_candle	22009	22024	22012	0.375
green_candle_cake	22085	22086	22086	0.875
green_carpet	11630	11630	11630	0.0625
green_concrete	13764	13764	13764	1
green_concrete_powder	13780	13780	13780	1
green_glazed_terracotta	13739	13742	13739	1
green_shulker_box	13669	13674	13673	1
green_stained_glass	6137	6137	6137	1
green_stained_glass_pane	10597	10628	10628	1
green_terracotta	10178	10178	10178	1
green_wall_banner	11956	11959	11956	0
green_wool	2106	2106	2106	1
grindstone	19493	19504	19497	1,1,1,1,0.875,0.875,0.875,0.875,1,1,1,1
hanging_roots	25992	25993	25993	0
hay_block	11614	11616	11615	1
heavy_core	27774	27775	27775	0.5
heavy_weighted_pressure_plate	9968	9983	9968	0
honey_block	20505	20505	20505	0.9375
honeycomb_block	20506	20506	20506	1
hopper	10034	10043	10034	1
horn_coral	13886	13887	13886	0
horn_coral_block	13867	13867	13867	1
horn_coral_fan	13906	13907	13906	0
horn_coral_wall_fan	13980	13987	13980	0
ice	5958	5958	5958	1
infested_chiseled_stone_bricks	6791	6791	6791	1
infested_cobblestone	6787	6787	6787	1
infested_cracked_stone_bricks	6790	6790	6790	1
infested_deepslate	27646	27648	27647	1
infested_mossy_stone_bricks	6789	6789	6789	1
infested_stone	6786	6786	6786	1
infested_stone_bricks	6788	6788	6788	1
iron_bars	6984	7015	7015	1
iron_block	2138	2138	2138	1
iron_door	5828	5891	5839	1
iron_ore	131	131	131	1
iron_trapdoor	11288	11351	11303	1,1,1,1,1,1,1,1,1,1,1,1,0.1875,0.1875,0.1875,0.1875,1,1,1,1,1,1,1,1,1,1,1,1,0.1875,0.1875,0.1875,0.1875,1,1,1,1,1,1,1,1,1,1,1,1,0.1875,0.1875,0.1875,0.1875,1,1,1,1,1,1,1,1,1,1,1,1,0.1875,0.1875,0.1875,0.1875
jack_o_lantern	6049	6052	6049	1
jigsaw	20415	20426	20425	1
jukebox	5994	5995	5995	1
jungle_button	9468	9491	9477	0
jungle_door	12909	12972	12920	1
jungle_fence	12557	12588	12588	1.5
jungle_fence_gate	12269	12300	12276	0,0,1.5,1.5,0,0,1.5,1.5,0,0,1.5,1.5,0,0,1.5,1.5,0,0,1.5,1.5,0,0,1.5,1.5,0,0,1.5,1.5,0,0,1.5,1.5
jungle_hanging_sign	5258	5321	5291	0
jungle_leaves	336	363	363	1
jungle_log	145	147	146	1
jungle_planks	18	18	18	1
jungle_pressure_plate	5898	5899	5899	0
jungle_sapling	35	36	35	0
jungle_sign	4526	4557	4527	0
jungle_slab	12069	12074	12072	1,1,0.5,0.5,1,1
jungle_stairs	8610	8689	8621	1
jungle_trapdoor	6332	6395	6347	1,1,1,1,1,1,1,1,1,1,1,1,0.1875,0.1875,0.1875,0.1875,1,1,1,1,1,1,1,1,1,1,1,1,0.1875,0.1875,0.1875,0.1875,1,1,1,1,1,1,1,1,1,1,1,1,0.1875,0.1875,0.1875,0.1875,1,1,1,1,1,1,1,1,1,1,1,1,0.1875,0.1875,0.1875,0.1875
jungle_wall_hanging_sign	5746	5753	5747	1
jungle_wall_sign	4898	4905	4899	0
jungle_wood	210	212	211	1
kelp	13783	13808	13783	0
kelp_plant	13809	13809	13809	0
ladder	4750	4757	4751	1
lantern	19558	19561	19561	0.625,0.625,0.5625,0.5625
lapis_block	565	565	565	1
lapis_ore	563	563	563	1
large_amethyst_bud	22105	22116	22114	0.8125,0.8125,0.8125,0.8125,0.8125,0.8125,0.8125,0.8125,0.3125,0.3125,1,1
large_fern	11646	11647	11647	0
lava	102	117	102	0
lava_cauldron	8186	8186	8186	1
leaf_litter	25919	25934	25919	0
lectern	19505	19520	19508	0.875
lever	5802	5825	5811	0
light	11256	11287	11287	0
light_blue_banner	11696	11711	11696	0
light_blue_bed	1779	1794	1782	0.5625
light_blue_candle	21849	21864	21852	0.375
light_blue_candle_cake	22065	22066	22066	0.875
light_blue_carpet	11620	11620	11620	0.0625
light_blue_concrete	13754	13754	13754	1
light_blue_concrete_powder	13770	13770	13770	1
light_blue_glazed_terracotta	13699	13702	13699	1
light_blue_shulker_box	13609	13614	13613	1
light_blue_stained_glass	6127	6127	6127	1
light_blue_stained_glass_pane	10277	10308	10308	1
light_blue_terracotta	10168	10168	10168	1
light_blue_wall_banner	11916	11919	11916	0
light_blue_wool	2096	2096	2096	1
light_gray_banner	11776	11791	11776	0
light_gray_bed	1859	1874	1862	0.5625
light_gray_candle	21929	21944	21932	0.375
light_gray_candle_cake	22075	22076	22076	0.875
light_gray_carpet	11625	11625	11625	0.0625
light_gray_concrete	13759	13759	13759	1
light_gray_concrete_powder	13775	13775	13775	1
light_gray_glazed_terracotta	13719	13722	13719	1
light_gray_shulker_box	13639	13644	13643	1
light_gray_stained_glass	6132	6132	6132	1
light_gray_stained_glass_pane	10437	10468	10468	1
light_gray_terracotta	10173	10173	10173	1
light_gray_wall_banner	11936	11939	11936	0
light_gray_wool	2101	2101	2101	1
light_weighted_pressure_plate	9952	9967	9952	0
lightning_rod	25784	25807	25803	0.625,0.625,0.625,0.625,0.625,0.625,0.625,0.625,0.625,0.625,0.625,0.625,0.625,0.625,0.625,0.625,1,1,1,1,1,1,1,1
lilac	11638	11639	11639	0
lily_of_the_valley	2134	2134	2134	0
lily_pad	7642	7642	7642	0.09375
lime_banner	11728	11743	11728	0
lime_bed	1811	1826	1814	0.5625
lime_candle	21881	21896	21884	0.375
lime_candle_cake	22069	22070	22070	0.875
lime_carpet	11622	11622	11622	0.0625
lime_concrete	13756	13756	13756	1
lime_concrete_powder	13772	13772	13772	1
lime_glazed_terracotta	13707	13710	13707	1
lime_shulker_box	13621	13626	13625	1
lime_stained_glass	6129	6129	6129	1
lime_stained_glass_pane	10341	10372	10372	1
lime_terracotta	10170	10170	10170	1
lime_wall_banner	11924	11927	11924	0
lime_wool	2098	2098	2098	1
lodestone	20519	20519	20519	1
loom	19459	19462	19459	1
magenta_banner	11680	11695	11680	0
magenta_bed	1763	1778	1766	0.5625
magenta_candle	21833	21848	21836	0.375
magenta_candle_cake	22063	22064	22064	0.875
magenta_carpet	11619	11619	11619	0.0625
magenta_concrete	13753	13753	13753	1
magenta_concrete_powder	13769	13769	13769	1
magenta_glazed_terracotta	13695	13698	13695	1
magenta_shulker_box	13603	13608	13607	1
magenta_stained_glass	6126	6126	6126	1
magenta_stained_glass_pane	10245	10276	10276	1
magenta_terracotta	10167	10167	10167	1
magenta_wall_banner	11912	11915	11912	0
magenta_wool	2095	2095	2095	1
magma_block	13566	13566	13566	1
mangrove_button	9588	9611	9597	0
mangrove_door	13229	13292	13240	1
mangrove_fence	12717	12748	12748	1.5
mangrove_fence_gate	12429	12460	12436	0,0,1.5,1.5,0,0,1.5,1.5,0,0,1.5,1.5,0,0,1.5,1.5,0,0,1.5,1.5,0,0,1.5,1.5,0,0,1.5,1.5,0,0,1.5,1.5
mangrove_hanging_sign	5578	5641	5611	0
mangrove_leaves	476	503	503	1
mangrove_log	160	162	161	1
mangrove_planks	26	26	26	1
mangrove_pressure_plate	5908	5909	5909	0
mangrove_propagule	45	84	50	0
mangrove_roots	163	164	164	1
mangrove_sign	4622	4653	4623	0
mangrove_slab	12099	12104	12102	1,1,0.5,0.5,1,1
mangrove_stairs	11013	11092	11024	1
mangrove_trapdoor	6652	6715	6667	1,1,1,1,1,1,1,1,1,1,1,1,0.1875,0.1875,0.1875,0.1875,1,1,1,1,1,1,1,1,1,1,1,1,0.1875,0.1875,0.1875,0.1875,1,1,1,1,1,1,1,1,1,1,1,1,0.1875,0.1875,0.1875,0.1875,1,1,1,1,1,1,1,1,1,1,1,1,0.1875,0.1875,0.1875,0.1875
mangrove_wall_hanging_sign	5770	5777	5771	1
mangrove_wall_sign	4922	4929	4923	0
mangrove_wood	222	224	223	1
medium_amethyst_bud	22117	22128	22126	0.8125,0.8125,0.8125,0.8125,0.8125,0.8125,0.8125,0.8125,0.25,0.25,1,1
melon	7055	7055	7055	1
melon_stem	7072	7079	7072	0
moss_block	25935	25935	25935	1
moss_carpet	25886	25886	25886	0.0625
mossy_cobblestone	2399	2399	2399	1
mossy_cobblestone_slab	15161	15166	15164	1,1,0.5,0.5,1,1
mossy_cobblestone_stairs	14337	14416	14348	1
mossy_cobblestone_wall	9027	9350	9030	1.5,1.5,1.5,1.5,1.5,1.5,0,1.5,1.5,0,1.5,1.5,1.5,1.5,1.5,1.5,1.5,1.5,1.5,1.5,1.5,1.5,1.5,1.5,1.5,1.5,1.5,1.5,1.5,1.5,1.5,1.5,1.5,1.5,1.5,1.5,1.5,1.5,1.5,1.5,1.5,1.5,1.5,1.5,1.5,1.5,1.5,1.5,1.5,1.5,1.5,1.5,1.5,1.5,1.5,1.5,1.5,1.5,1.5,1.5,1.5,1.5,1.5,1.5,1.5,1.5,1.5,1.5,1.5,1.5,1.5,1.5,1.5,1.5,1.5,1.5,1.5,1.5,1.5,1.5,1.5,1.5,1.5,1.5,1.5,1.5,1.5,1.5,1.5,1.5,1.5,1.5,1.5,1.5,1.5,1.5,1.5,1.5,1.5,1.5,1.5,1.5,1.5,1.5,1.5,1.5,1.5,1.5,1.5,1.5,1.5,1.5,1.5,1.5,1.5,1.5,1.5,1.5,1.5,1.5,1.5,1.5,1.5,1.5,1.5,1.5,1.5,1.5,1.5,1.5,1.5,1.5,1.5,1.5,1.5,1.5,1.5,1.5,1.5,1.5,1.5,1.5,1.5,1.5,1.5,1.5,1.5,1.5,1.5,1.5,1.5,1.5,1.5,1.5,1.5,1.5,1.5,1.5,1.5,1.5,1.5,1.5,1.5,1.5,1.5,1.5,1.5,1.5,1.5,1.5,1.5,1.5,1.5,1.5,1.5,1.5,1.5,1.5,1.5,1.5,1.5,1.5,1.5,1.5,1.5,1.5,1.5,1.5,1.5,1.5,1.5,1.5,1.5,1.5,1.5,1.5,1.5,1.5,1.5,1.5,1.5,1.5,1.5,1.5,1.5,1.5,1.5,1.5,1.5,1.5,1.5,1.5,1.5,1.5,1.5,1.5,1.5,1.5,1.5,1.5,1.5,1.5,1.5,1.5,1.5,1.5,1.5,1.5,1.5,1.5,1.5,1.5,1.5,1.5,1.5,1.5,1.5,1.5,1.5,1.5,1.5,1.5,1.5,1.5,1.5,1.5,1.5,1.5,1.5,1.5,1.5,1.5,1.5,1.5,1.5,1.5,1.5,1.5,1.5,1.5,1.5,1.5,1.5,1.5,1.5,1.5,1.5,1.5,1.5,1.5,1.5,1.5,1.5,1.5,1.5,1.5,1.5,1.5,1.5,1.5,1.5,1.5,1.5,1.5,1.5,1.5,1.5,1.5,1.5,1.5,1.5,1.5,1.5,1.5,1.5,1.5,1.5,1.5,1.5,1.5,1.5,1.5,1.5,1.5,1.5,1.5,1.5,1.5,1.5,1.5,1.5,1.5,1.5,1.5,1.5,1.5,1.5,1.5,1.5,1.5,1.5,1.5,1.5,1.5
mossy_stone_brick_slab	15149	15154	15152	1,1,0.5,0.5,1,1
mossy_stone_brick_stairs	14177	14256	14188	1
mossy_stone_brick_wall	16187	16510	16190	1.5,1.5,1.5,1.5,1.5,1.5,0,1.5,1.5,0,1.5,1.5,1.5,1.5,1.5,1.5,1.5,1.5,1.5,1.5,1.5,1.5,1.5,1.5,1.5,1.5,1.5,1.5,1.5,1.5,1.5,1.5,1.5,1.5,1.5,1.5,1.5,1.5,1.5,1.5,1.5,1.5,1.5,1.5,1.5,1.5,1.5,1.5,1.5,1.5,1.5,1.5,1.5,1.5,1.5,1.5,1.5,1.5,1.5,1.5,1.5,1.5,1.5,1.5,1.5,1.5,1.5,1.5,1.5,1.5,1.5,1.5,1.5,1.5,1.5,1.5,1.5,1.5,1.5,1.5,1.5,1.5,1.5,1.5,1.5,1.5,1.5,1.5,1.5,1.5,1.5,1.5,1.5,1.5,1.5,1.5,1.5,1.5,1.5,1.5,1.5,1.5,1.5,1.5,1.5,1.5,1.5,1.5,1.5,1.5,1.5,1.5,1.5,1.5,1.5,1.5,1.5,1.5,1.5,1.5,1.5,1.5,1.5,1.5,1.5,1.5,1.5,1.5,1.5,1.5,1.5,1.5,1.5,1.5,1.5,1.5,1.5,1.5,1.5,1.5,1.5,1.5,1.5,1.5,1.5,1.5,1.5,1.5,1.5,1.5,1.5,1.5,1.5,1.5,1.5,1.5,1.5,1.5,1.5,1.5,1.5,1.5,1.5,1.5,1.5,1.5,1.5,1.5,1.5,1.5,1.5,1.5,1.5,1.5,1.5,1.5,1.5,1.5,1.5,1.5,1.5,1.5,1.5,1.5,1.5,1.5,1.5,1.5,1.5,1.5,1.5,1.5,1.5,1.5,1.5,1.5,1.5,1.5,1.5,1.5,1.5,1.5,1.5,1.5,1.5,1.5,1.5,1.5,1.5,1.5,1.5,1.5,1.5,1.5,1.5,1.5,1.5,1.5,1.5,1.5,1.5,1.5,1.5,1.5,1.5,1.5,1.5,1.5,1.5,1.5,1.5,1.5,1.5,1.5,1.5,1.5,1.5,1.5,1.5,1.5,1.5,1.5,1.5,1.5,1.5,1.5,1.5,1.5,1.5,1.5,1.5,1.5,1.5,1.5,1.5,1.5,1.5,1.5,1.5,1.5,1.5,1.5,1.5,1.5,1.5,1.5,1.5,1.5,1.5,1.5,1.5,1.5,1.5,1.5,1.5,1.5,1.5,1.5,1.5,1.5,1.5,1.5,1.5,1.5,1.5,1.5,1.5,1.5,1.5,1.5,1.5,1.5,1.5,1.5,1.5,1.5,1.5,1.5,1.5,1.5,1.5,1.5,1.5,1.5,1.5,1.5,1.5,1.5,1.5,1.5,1.5,1.5,1.5,1.5,1.5,1.5,1.5,1.5,1.5,1.5,1.5,1.5,1.5,1.5
mossy_stone_bricks	6781	6781	6781	1
moving_piston	2109	2120	2109	0
mud	25995	25995	25995	0.875
mud_brick_slab	12165	12170	12168	1,1,0.5,0.5,1,1
mud_brick_stairs	7560	7639	7571	1
mud_brick_wall	17159	17482	17162	1.5,1.5,1.5,1.5,1.5,1.5,0,1.5,1.5,0,1.5,1.5,1.5,1.5,1.5,1.5,1.5,1.5,1.5,1.5,1.5,1.5,1.5,1.5,1.5,1.5,1.5,1.5,1.5,1.5,1.5,1.5,1.5,1.5,1.5,1.5,1.5,1.5,1.5,1.5,1.5,1.5,1.5,1.5,1.5,1.5,1.5,1.5,1.5,1.5,1.5,1.5,1.5,1.5,1.5,1.5,1.5,1.5,1.5,1.5,1.5,1.5,1.5,1.5,1.5,1.5,1.5,1.5,1.5,1.5,1.5,1.5,1.5,1.5,1.5,1.5,1.5,1.5,1.5,1.5,1.5,1.5,1.5,1.5,1.5,1.5,1.5,1.5,1.5,1.5,1.5,1.5,1.5,1.5,1.5,1.5,1.5,1.5,1.5,1.5,1.5,1.5,1.5,1.5,1.5,1.5,1.5,1.5,1.5,1.5,1.5,1.5,1.5,1.5,1.5,1.5,1.5,1.5,1.5,1.5,1.5,1.5,1.5,1.5,1.5,1.5,1.5,1.5,1.5,1.5,1.5,1.5,1.5,1.5,1.5,1.5,1.5,1.5,1.5,1.5,1.5,1.5,1.5,1.5,1.5,1.5,1.5,1.5,1.5,1.5,1.5,1.5,1.5,1.5,1.5,1.5,1.5,1.5,1.5,1.5,1.5,1.5,1.5,1.5,1.5,1.5,1.5,1.5,1.5,1.5,1.5,1.5,1.5,1.5,1.5,1.5,1.5,1.5,1.5,1.5,1.5,1.5,1.5,1.5,1.5,1.5,1.5,1.5,1.5,1.5,1.5,1.5,1.5,1.5,1.5,1.5,1.5,1.5,1.5,1.5,1.5,1.5,1.5,1.5,1.5,1.5,1.5,1.5,1.5,1.5,1.5,1.5,1.5,1.5,1.5,1.5,1.5,1.5,1.5,1.5,1.5,1.5,1.5,1.5,1.5,1.5,1.5,1.5,1.5,1.5,1.5,1.5,1.5,1.5,1.5,1.5,1.5,1.5,1.5,1.5,1.5,1.5,1.5,1.5,1.5,1.5,1.5,1.5,1.5,1.5,1.5,1.5,1.5,1.5,1.5,1.5,1.5,1.5,1.5,1.5,1.5,1.5,1.5,1.5,1.5,1.5,1.5,1.5,1.5,1.5,1.5,1.5,1.5,1.5,1.5,1.5,1.5,1.5,1.5,1.5,1.5,1.5,1.5,1.5,1.5,1.5,1.5,1.5,1.5,1.5,1.5,1.5,1.5,1.5,1.5,1.5,1.5,1.5,1.5,1.5,1.5,1.5,1.5,1.5,1.5,1.5,1.5,1.5,1.5,1.5,1.5,1.5,1.5,1.5,1.5,1.5,1.5,1.5,1.5,1.5,1.5,1.5,1.5,1.5
mud_bricks	6785	6785	6785	1
muddy_mangrove_roots	165	167	166	1
mushroom_stem	6920	6983	6920	1
mycelium	7640	7641	7641	1
nether_brick_fence	8057	8088	8088	1.5
nether_brick_slab	12171	12176	12174	1,1,0.5,0.5,1,1
nether_brick_stairs	8089	8168	8100	1
nether_brick_wall	17483	17806	17486	1.5,1.5,1.5,1.5,1.5,1.5,0,1.5,1.5,0,1.5,1.5,1.5,1.5,1.5,1.5,1.5,1.5,1.5,1.5,1.5,1.5,1.5,1.5,1.5,1.5,1.5,1.5,1.5,1.5,1.5,1.5,1.5,1.5,1.5,1.5,1.5,1.5,1.5,1.5,1.5,1.5,1.5,1.5,1.5,1.5,1.5,1.5,1.5,1.5,1.5,1.5,1.5,1.5,1.5,1.5,1.5,1.5,1.5,1.5,1.5,1.5,1.5,1.5,1.5,1.5,1.5,1.5,1.5,1.5,1.5,1.5,1.5,1.5,1.5,1.5,1.5,1.5,1.5,1.5,1.5,1.5,1.5,1.5,1.5,1.5,1.5,1.5,1.5,1.5,1.5,1.5,1.5,1.5,1.5,1.5,1.5,1.5,1.5,1.5,1.5,1.5,1.5,1.5,1.5,1.5,1.5,1.5,1.5,1.5,1.5,1.5,1.5,1.5,1.5,1.5,1.5,1.5,1.5,1.5,1.5,1.5,1.5,1.5,1.5,1.5,1.5,1.5,1.5,1.5,1.5,1.5,1.5,1.5,1.5,1.5,1.5,1.5,1.5,1.5,1.5,1.5,1.5,1.5,1.5,1.5,1.5,1.5,1.5,1.5,1.5,1.5,1.5,1.5,1.5,1.5,1.5,1.5,1.5,1.5,1.5,1.5,1.5,1.5,1.5,1.5,1.5,1.5,1.5,1.5,1.5,1.5,1.5,1.5,1.5,1.5,1.5,1.5,1.5,1.5,1.5,1.5,1.5,1.5,1.5,1.5,1.5,1.5,1.5,1.5,1.5,1.5,1.5,1.5,1.5,1.5,1.5,1.5,1.5,1.5,1.5,1.5,1.5,1.5,1.5,1.5,1.5,1.5,1.5,1.5,1.5,1.5,1.5,1.5,1.5,1.5,1.5,1.5,1.5,1.5,1.5,1.5,1.5,1.5,1.5,1.5,1.5,1.5,1.5,1.5,1.5,1.5,1.5,1.5,1.5,1.5,1.5,1.5,1.5,1.5,1.5,1.5,1.5,1.5,1.5,1.5,1.5,1.5,1.5,1.5,1.5,1.5,1.5,1.5,1.5,1.5,1.5,1.5,1.5,1.5,1.5,1.5,1.5,1.5,1.5,1.5,1.5,1.5,1.5,1.5,1.5,1.5,1.5,1.5,1.5,1.5,1.5,1.5,1.5,1.5,1.5,1.5,1.5,1.5,1.5,1.5,1.5,1.5,1.5,1.5,1.5,1.5,1.5,1.5,1.5,1.5,1.5,1.5,1.5,1.5,1.5,1.5,1.5,1.5,1.5,1.5,1.5,1.5,1.5,1.5,1.5,1.5,1.5,1.5,1.5,1.5,1.5,1.5,1.5,1.5,1.5,1.5,1.5,1.5
nether_bricks	8056	8056	8056	1
nether_gold_ore	135	135	135	1
nether_portal	6043	6044	6043	0
nether_quartz_ore	10033	10033	10033	1
nether_sprouts	19650	19650	19650	0
nether_wart	8169	8172	8169	0
nether_wart_block	13567	13567	13567	1
netherite_block	20507	20507	20507	1
netherrack	6028	6028	6028	1
note_block	581	1730	582	1
oak_button	9396	9419	9405	0
oak_door	4686	4749	4697	1
oak_fence	5996	6027	6027	1.5
oak_fence_gate	7368	7399	7375	0,0,1.5,1.5,0,0,1.5,1.5,0,0,1.5,1.5,0,0,1.5,1.5,0,0,1.5,1.5,0,0,1.5,1.5,0,0,1.5,1.5,0,0,1.5,1.5
oak_hanging_sign	4938	5001	4971	0
oak_leaves	252	279	279	1
oak_log	136	138	137	1
oak_planks	15	15	15	1
oak_pressure_plate	5892	5893	5893	0
oak_sapling	29	30	29	0
oak_sign	4366	4397	4367	0
oak_slab	12051	12056	12054	1,1,0.5,0.5,1,1
oak_stairs	2938	3017	2949	1
oak_trapdoor	6140	6203	6155	1,1,1,1,1,1,1,1,1,1,1,1,0.1875,0.1875,0.1875,0.1875,1,1,1,1,1,1,1,1,1,1,1,1,0.1875,0.1875,0.1875,0.1875,1,1,1,1,1,1,1,1,1,1,1,1,0.1875,0.1875,0.1875,0.1875,1,1,1,1,1,1,1,1,1,1,1,1,0.1875,0.1875,0.1875,0.1875
oak_wall_hanging_sign	5706	5713	5707	1
oak_wall_sign	4858	4865	4859	0
oak_wood	201	203	202	1
observer	13573	13584	13578	1
obsidian	2400	2400	2400	1
ochre_froglight	27655	27657	27656	1
open_eyeblossom	27941	27941	27941	0
orange_banner	11664	11679	11664	0
orange_bed	1747	1762	1750	0.5625
orange_candle	21817	21832	21820	0.375
orange_candle_cake	22061	22062	22062	0.875
orange_carpet	11618	11618	11618	0.0625
orange_concrete	13752	13752	13752	1
orange_concrete_powder	13768	13768	13768	1
orange_glazed_terracotta	13691	13694	13691	1
orange_shulker_box	13597	13602	13601	1
orange_stained_glass	6125	6125	6125	1
orange_stained_glass_pane	10213	10244	10244	1
orange_terracotta	10166	10166	10166	1
orange_tulip	2128	2128	2128	0
orange_wall_banner	11908	11911	11908	0
orange_wool	2094	2094	2094	1
oxeye_daisy	2131	2131	2131	0
oxidized_chiseled_copper	24008	24008	24008	1
oxidized_copper	24001	24001	24001	1
oxidized_copper_bulb	25764	25767	25767	1
oxidized_copper_door	24840	24903	24851	1
oxidized_copper_grate	25742	25743	25743	1
oxidized_copper_trapdoor	25352	25415	25367	1,1,1,1,1,1,1,1,1,1,1,1,0.1875,0.1875,0.1875,0.1875,1,1,1,1,1,1,1,1,1,1,1,1,0.1875,0.1875,0.1875,0.1875,1,1,1,1,1,1,1,1,1,1,1,1,0.1875,0.1875,0.1875,0.1875,1,1,1,1,1,1,1,1,1,1,1,1,0.1875,0.1875,0.1875,0.1875
oxidized_cut_copper	24004	24004	24004	1
oxidized_cut_copper_slab	24336	24341	24339	1,1,0.5,0.5,1,1
oxidized_cut_copper_stairs	24016	24095	24027	1
packed_ice	11635	11635	11635	1
packed_mud	6784	6784	6784	1
pale_hanging_moss	27939	27940	27939	0
pale_moss_block	27776	27776	27776	1
pale_moss_carpet	27777	27938	27777	0.0625,0.0625,0.0625,0.0625,0.0625,0.0625,0.0625,0.0625,0.0625,0.0625,0.0625,0.0625,0.0625,0.0625,0.0625,0.0625,0.0625,0.0625,0.0625,0.0625,0.0625,0.0625,0.0625,0.0625,0.0625,0.0625,0.0625,0.0625,0.0625,0.0625,0.0625,0.0625,0.0625,0.0625,0.0625,0.0625,0.0625,0.0625,0.0625,0.0625,0.0625,0.0625,0.0625,0.0625,0.0625,0.0625,0.0625,0.0625,0.0625,0.0625,0.0625,0.0625,0.0625,0.0625,0.0625,0.0625,0.0625,0.0625,0.0625,0.0625,0.0625,0.0625,0.0625,0.0625,0.0625,0.0625,0.0625,0.0625,0.0625,0.0625,0.0625,0.0625,0.0625,0.0625,0.0625,0.0625,0.0625,0.0625,0.0625,0.0625,0.0625,0,0,0,0,0,0,0,0,0,0,0,0,0,0,0,0,0,0,0,0,0,0,0,0,0,0,0,0,0,0,0,0,0,0,0,0,0,0,0,0,0,0,0,0,0,0,0,0,0,0,0,0,0,0,0,0,0,0,0,0,0,0,0,0,0,0,0,0,0,0,0,0,0,0,0,0,0,0,0,0,0
pale_oak_button	9564	9587	9573	0
pale_oak_door	13165	13228	13176	1
pale_oak_fence	12685	12716	12716	1.5
pale_oak_fence_gate	12397	12428	12404	0,0,1.5,1.5,0,0,1.5,1.5,0,0,1.5,1.5,0,0,1.5,1.5,0,0,1.5,1.5,0,0,1.5,1.5,0,0,1.5,1.5,0,0,1.5,1.5
pale_oak_hanging_sign	5386	5449	5419	0
pale_oak_leaves	448	475	475	1
pale_oak_log	157	159	158	1
pale_oak_planks	25	25	25	1
pale_oak_pressure_plate	5906	5907	5907	0
pale_oak_sapling	43	44	43	0
pale_oak_sign	4590	4621	4591	0
pale_oak_slab	12093	12098	12096	1,1,0.5,0.5,1,1
pale_oak_stairs	10933	11012	10944	1
pale_oak_trapdoor	6588	6651	6603	1,1,1,1,1,1,1,1,1,1,1,1,0.1875,0.1875,0.1875,0.1875,1,1,1,1,1,1,1,1,1,1,1,1,0.1875,0.1875,0.1875,0.1875,1,1,1,1,1,1,1,1,1,1,1,1,0.1875,0.1875,0.1875,0.1875,1,1,1,1,1,1,1,1,1,1,1,1,0.1875,0.1875,0.1875,0.1875
pale_oak_wall_hanging_sign	5762	5769	5763	1
pale_oak_wall_sign	4914	4921	4915	0
pale_oak_wood	22	24	23	1
pearlescent_froglight	27661	27663	27662	1
peony	11642	11643	11643	0
petrified_oak_slab	12141	12146	12144	1,1,0.5,0.5,1,1
piglin_head	9876	9907	9892	0.5
piglin_wall_head	9908	9915	9909	0.75
pink_banner	11744	11759	11744	0
pink_bed	1827	1842	1830	0.5625
pink_candle	21897	21912	21900	0.375
pink_candle_cake	22071	22072	22072	0.875
pink_carpet	11623	11623	11623	0.0625
pink_concrete	13757	13757	13757	1
pink_concrete_powder	13773	13773	13773	1
pink_glazed_terracotta	13711	13714	13711	1
pink_petals	25887	25902	25887	0
pink_shulker_box	13627	13632	13631	1
pink_stained_glass	6130	6130	6130	1
pink_stained_glass_pane	10373	10404	10404	1
pink_terracotta	10171	10171	10171	1
pink_tulip	2130	2130	2130	0
pink_wall_banner	11928	11931	11928	0
pink_wool	2099	2099	2099	1
piston	2057	2068	2063	1,1,1,1,0.75,1,1,1,1,1,1,1
piston_head	2069	2092	2071	1,1,1,1,1,1,1,1,1,1,1,1,1,1,1,1,1,1,1,1,1,1,1.25,1.25
pitcher_crop	13520	13529	13521	0,0.1875,0,0.3125,0,0.3125,0,0.3125,0,0.3125
pitcher_plant	13530	13531	13531	0
player_head	9756	9787	9772	0.5
player_wall_head	9788	9795	9789	0.75
podzol	12	13	13	1
pointed_dripstone	25808	25827	25813	1,1,1,1,0.6875,0.6875,1,1,1,1,1,1,1,1,1,1,1,1,1,1
polished_andesite	7	7	7	1
polished_andesite_slab	15203	15208	15206	1,1,0.5,0.5,1,1
polished_andesite_stairs	14977	15056	14988	1
polished_basalt	6034	6036	6035	1
polished_blackstone	20931	20931	20931	1
polished_blackstone_brick_slab	20935	20940	20938	1,1,0.5,0.5,1,1
polished_blackstone_brick_stairs	20941	21020	20952	1
polished_blackstone_brick_wall	21021	21344	21024	1.5,1.5,1.5,1.5,1.5,1.5,0,1.5,1.5,0,1.5,1.5,1.5,1.5,1.5,1.5,1.5,1.5,1.5,1.5,1.5,1.5,1.5,1.5,1.5,1.5,1.5,1.5,1.5,1.5,1.5,1.5,1.5,1.5,1.5,1.5,1.5,1.5,1.5,1.5,1.5,1.5,1.5,1.5,1.5,1.5,1.5,1.5,1.5,1.5,1.5,1.5,1.5,1.5,1.5,1.5,1.5,1.5,1.5,1.5,1.5,1.5,1.5,1.5,1.5,1.5,1.5,1.5,1.5,1.5,1.5,1.5,1.5,1.5,1.5,1.5,1.5,1.5,1.5,1.5,1.5,1.5,1.5,1.5,1.5,1.5,1.5,1.5,1.5,1.5,1.5,1.5,1.5,1.5,1.5,1.5,1.5,1.5,1.5,1.5,1.5,1.5,1.5,1.5,1.5,1.5,1.5,1.5,1.5,1.5,1.5,1.5,1.5,1.5,1.5,1.5,1.5,1.5,1.5,1.5,1.5,1.5,1.5,1.5,1.5,1.5,1.5,1.5,1.5,1.5,1.5,1.5,1.5,1.5,1.5,1.5,1.5,1.5,1.5,1.5,1.5,1.5,1.5,1.5,1.5,1.5,1.5,1.5,1.5,1.5,1.5,1.5,1.5,1.5,1.5,1.5,1.5,1.5,1.5,1.5,1.5,1.5,1.5,1.5,1.5,1.5,1.5,1.5,1.5,1.5,1.5,1.5,1.5,1.5,1.5,1.5,1.5,1.5,1.5,1.5,1.5,1.5,1.5,1.5,1.5,1.5,1.5,1.5,1.5,1.5,1.5,1.5,1.5,1.5,1.5,1.5,1.5,1.5,1.5,1.5,1.5,1.5,1.5,1.5,1.5,1.5,1.5,1.5,1.5,1.5,1.5,1.5,1.5,1.5,1.5,1.5,1.5,1.5,1.5,1.5,1.5,1.5,1.5,1.5,1.5,1.5,1.5,1.5,1.5,1.5,1.5,1.5,1.5,1.5,1.5,1.5,1.5,1.5,1.5,1.5,1.5,1.5,1.5,1.5,1.5,1.5,1.5,1.5,1.5,1.5,1.5,1.5,1.5,1.5,1.5,1.5,1.5,1.5,1.5,1.5,1.5,1.5,1.5,1.5,1.5,1.5,1.5,1.5,1.5,1.5,1.5,1.5,1.5,1.5,1.5,1.5,1.5,1.5,1.5,1.5,1.5,1.5,1.5,1.5,1.5,1.5,1.5,1.5,1.5,1.5,1.5,1.5,1.5,1.5,1.5,1.5,1.5,1.5,1.5,1.5,1.5,1.5,1.5,1.5,1.5,1.5,1.5,1.5,1.5,1.5,1.5,1.5,1.5,1.5,1.5,1.5,1.5,1.5,1.5,1.5,1.5,1.5,1.5,1.5
polished_blackstone_bricks	20932	20932	20932	1
polished_blackstone_button	21434	21457	21443	0
polished_blackstone_pressure_plate	21432	21433	21433	0
polished_blackstone_slab	21426	21431	21429	1,1,0.5,0.5,1,1
polished_blackstone_stairs	21346	21425	21357	1
polished_blackstone_wall	21458	21781	21461	1.5,1.5,1.5,1.5,1.5,1.5,0,1.5,1.5,0,1.5,1.5,1.5,1.5,1.5,1.5,1.5,1.5,1.5,1.5,1.5,1.5,1.5,1.5,1.5,1.5,1.5,1.5,1.5,1.5,1.5,1.5,1.5,1.5,1.5,1.5,1.5,1.5,1.5,1.5,1.5,1.5,1.5,1.5,1.5,1.5,1.5,1.5,1.5,1.5,1.5,1.5,1.5,1.5,1.5,1.5,1.5,1.5,1.5,1.5,1.5,1.5,1.5,1.5,1.5,1.5,1.5,1.5,1.5,1.5,1.5,1.5,1.5,1.5,1.5,1.5,1.5,1.5,1.5,1.5,1.5,1.5,1.5,1.5,1.5,1.5,1.5,1.5,1.5,1.5,1.5,1.5,1.5,1.5,1.5,1.5,1.5,1.5,1.5,1.5,1.5,1.5,1.5,1.5,1.5,1.5,1.5,1.5,1.5,1.5,1.5,1.5,1.5,1.5,1.5,1.5,1.5,1.5,1.5,1.5,1.5,1.5,1.5,1.5,1.5,1.5,1.5,1.5,1.5,1.5,1.5,1.5,1.5,1.5,1.5,1.5,1.5,1.5,1.5,1.5,1.5,1.5,1.5,1.5,1.5,1.5,1.5,1.5,1.5,1.5,1.5,1.5,1.5,1.5,1.5,1.5,1.5,1.5,1.5,1.5,1.5,1.5,1.5,1.5,1.5,1.5,1.5,1.5,1.5,1.5,1.5,1.5,1.5,1.5,1.5,1.5,1.5,1.5,1.5,1.5,1.5,1.5,1.5,1.5,1.5,1.5,1.5,1.5,1.5,1.5,1.5,1.5,1.5,1.5,1.5,1.5,1.5,1.5,1.5,1.5,1.5,1.5,1.5,1.5,1.5,1.5,1.5,1.5,1.5,1.5,1.5,1.5,1.5,1.5,1.5,1.5,1.5,1.5,1.5,1.5,1.5,1.5,1.5,1.5,1.5,1.5,1.5,1.5,1.5,1.5,1.5,1.5,1.5,1.5,1.5,1.5,1.5,1.5,1.5,1.5,1.5,1.5,1.5,1.5,1.5,1.5,1.5,1.5,1.5,1.5,1.5,1.5,1.5,1.5,1.5,1.5,1.5,1.5,1.5,1.5,1.5,1.5,1.5,1.5,1.5,1.5,1.5,1.5,1.5,1.5,1.5,1.5,1.5,1.5,1.5,1.5,1.5,1.5,1.5,1.5,1.5,1.5,1.5,1.5,1.5,1.5,1.5,1.5,1.5,1.5,1.5,1.5,1.5,1.5,1.5,1.5,1.5,1.5,1.5,1.5,1.5,1.5,1.5,1.5,1.5,1.5,1.5,1.5,1.5,1.5,1.5,1.5,1.5,1.5,1.5,1.5,1.5,1.5,1.5,1.5,1.5,1.5,1.5,1.5
polished_deepslate	26410	26410	26410	1
polished_deepslate_slab	26491	26496	26494	1,1,0.5,0.5,1,1
polished_deepslate_stairs	26411	26490	26422	1
polished_deepslate_wall	26497	26820	26500	1.5,1.5,1.5,1.5,1.5,1.5,0,1.5,1.5,0,1.5,1.5,1.5,1.5,1.5,1.5,1.5,1.5,1.5,1.5,1.5,1.5,1.5,1.5,1.5,1.5,1.5,1.5,1.5,1.5,1.5,1.5,1.5,1.5,1.5,1.5,1.5,1.5,1.5,1.5,1.5,1.5,1.5,1.5,1.5,1.5,1.5,1.5,1.5,1.5,1.5,1.5,1.5,1.5,1.5,1.5,1.5,1.5,1.5,1.5,1.5,1.5,1.5,1.5,1.5,1.5,1.5,1.5,1.5,1.5,1.5,1.5,1.5,1.5,1.5,1.5,1.5,1.5,1.5,1.5,1.5,1.5,1.5,1.5,1.5,1.5,1.5,1.5,1.5,1.5,1.5,1.5,1.5,1.5,1.5,1.5,1.5,1.5,1.5,1.5,1.5,1.5,1.5,1.5,1.5,1.5,1.5,1.5,1.5,1.5,1.5,1.5,1.5,1.5,1.5,1.5,1.5,1.5,1.5,1.5,1.5,1.5,1.5,1.5,1.5,1.5,1.5,1.5,1.5,1.5,1.5,1.5,1.5,1.5,1.5,1.5,1.5,1.5,1.5,1.5,1.5,1.5,1.5,1.5,1.5,1.5,1.5,1.5,1.5,1.5,1.5,1.5,1.5,1.5,1.5,1.5,1.5,1.5,1.5,1.5,1.5,1.5,1.5,1.5,1.5,1.5,1.5,1.5,1.5,1.5,1.5,1.5,1.5,1.5,1.5,1.5,1.5,1.5,1.5,1.5,1.5,1.5,1.5,1.5,1.5,1.5,1.5,1.5,1.5,1.5,1.5,1.5,1.5,1.5,1.5,1.5,1.5,1.5,1.5,1.5,1.5,1.5,1.5,1.5,1.5,1.5,1.5,1.5,1.5,1.5,1.5,1.5,1.5,1.5,1.5,1.5,1.5,1.5,1.5,1.5,1.5,1.5,1.5,1.5,1.5,1.5,1.5,1.5,1.5,1.5,1.5,1.5,1.5,1.5,1.5,1.5,1.5,1.5,1.5,1.5,1.5,1.5,1.5,1.5,1.5,1.5,1.5,1.5,1.5,1.5,1.5,1.5,1.5,1.5,1.5,1.5,1.5,1.5,1.5,1.5,1.5,1.5,1.5,1.5,1.5,1.5,1.5,1.5,1.5,1.5,1.5,1.5,1.5,1.5,1.5,1.5,1.5,1.5,1.5,1.5,1.5,1.5,1.5,1.5,1.5,1.5,1.5,1.5,1.5,1.5,1.5,1.5,1.5,1.5,1.5,1.5,1.5,1.5,1.5,1.5,1.5,1.5,1.5,1.5,1.5,1.5,1.5,1.5,1.5,1.5,1.5,1.5,1.5,1.5,1.5,1.5,1.5,1.5,1.5,1.5,1.5,1.5,1.5,1.5
polished_diorite	5	5	5	1
polished_diorite_slab	15155	15160	15158	1,1,0.5,0.5,1,1
polished_diorite_stairs	14257	14336	14268	1
polished_granite	3	3	3	1
polished_granite_slab	15137	15142	15140	1,1,0.5,0.5,1,1
polished_granite_stairs	14017	14096	14028	1
polished_tuff	22552	22552	22552	1
polished_tuff_slab	22553	22558	22556	1,1,0.5,0.5,1,1
polished_tuff_stairs	22559	22638	22570	1
polished_tuff_wall	22639	22962	22642	1.5,1.5,1.5,1.5,1.5,1.5,0,1.5,1.5,0,1.5,1.5,1.5,1.5,1.5,1.5,1.5,1.5,1.5,1.5,1.5,1.5,1.5,1.5,1.5,1.5,1.5,1.5,1.5,1.5,1.5,1.5,1.5,1.5,1.5,1.5,1.5,1.5,1.5,1.5,1.5,1.5,1.5,1.5,1.5,1.5,1.5,1.5,1.5,1.5,1.5,1.5,1.5,1.5,1.5,1.5,1.5,1.5,1.5,1.5,1.5,1.5,1.5,1.5,1.5,1.5,1.5,1.5,1.5,1.5,1.5,1.5,1.5,1.5,1.5,1.5,1.5,1.5,1.5,1.5,1.5,1.5,1.5,1.5,1.5,1.5,1.5,1.5,1.5,1.5,1.5,1.5,1.5,1.5,1.5,1.5,1.5,1.5,1.5,1.5,1.5,1.5,1.5,1.5,1.5,1.5,1.5,1.5,1.5,1.5,1.5,1.5,1.5,1.5,1.5,1.5,1.5,1.5,1.5,1.5,1.5,1.5,1.5,1.5,1.5,1.5,1.5,1.5,1.5,1.5,1.5,1.5,1.5,1.5,1.5,1.5,1.5,1.5,1.5,1.5,1.5,1.5,1.5,1.5,1.5,1.5,1.5,1.5,1.5,1.5,1.5,1.5,1.5,1.5,1.5,1.5,1.5,1.5,1.5,1.5,1.5,1.5,1.5,1.5,1.5,1.5,1.5,1.5,1.5,1.5,1.5,1.5,1.5,1.5,1.5,1.5,1.5,1.5,1.5,1.5,1.5,1.5,1.5,1.5,1.5,1.5,1.5,1.5,1.5,1.5,1.5,1.5,1.5,1.5,1.5,1.5,1.5,1.5,1.5,1.5,1.5,1.5,1.5,1.5,1.5,1.5,1.5,1.5,1.5,1.5,1.5,1.5,1.5,1.5,1.5,1.5,1.5,1.5,1.5,1.5,1.5,1.5,1.5,1.5,1.5,1.5,1.5,1.5,1.5,1.5,1.5,1.5,1.5,1.5,1.5,1.5,1.5,1.5,1.5,1.5,1.5,1.5,1.5,1.5,1.5,1.5,1.5,1.5,1.5,1.5,1.5,1.5,1.5,1.5,1.5,1.5,1.5,1.5,1.5,1.5,1.5,1.5,1.5,1.5,1.5,1.5,1.5,1.5,1.5,1.5,1.5,1.5,1.5,1.5,1.5,1.5,1.5,1.5,1.5,1.5,1.5,1.5,1.5,1.5,1.5,1.5,1.5,1.5,1.5,1.5,1.5,1.5,1.5,1.5,1.5,1.5,1.5,1.5,1.5,1.5,1.5,1.5,1.5,1.5,1.5,1.5,1.5,1.5,1.5,1.5,1.5,1.5,1.5,1.5,1.5,1.5,1.5,1.5,1.5,1.5,1.5,1.5,1.5,1.5
poppy	2123	2123	2123	0
potatoes	9388	9395	9388	0
potted_acacia_sapling	9357	9357	9357	0.375
potted_allium	9366	9366	9366	0.375
potted_azalea_bush	27653	27653	27653	0.375
potted_azure_bluet	9367	9367	9367	0.375
potted_bamboo	14012	14012	14012	0.375
potted_birch_sapling	9355	9355	9355	0.375
potted_blue_orchid	9365	9365	9365	0.375
potted_brown_mushroom	9377	9377	9377	0.375
potted_cactus	9379	9379	9379	0.375
potted_cherry_sapling	9358	9358	9358	0.375
potted_closed_eyeblossom	27944	27944	27944	0.375
potted_cornflower	9373	9373	9373	0.375
potted_crimson_fungus	20515	20515	20515	0.375
potted_crimson_roots	20517	20517	20517	0.375
potted_dandelion	9363	9363	9363	0.375
potted_dark_oak_sapling	9359	9359	9359	0.375
potted_dead_bush	9378	9378	9378	0.375
potted_fern	9362	9362	9362	0.375
potted_flowering_azalea_bush	27654	27654	27654	0.375
potted_jungle_sapling	9356	9356	9356	0.375
potted_lily_of_the_valley	9374	9374	9374	0.375
potted_mangrove_propagule	9361	9361	9361	0.375
potted_oak_sapling	9353	9353	9353	0.375
potted_open_eyeblossom	27943	27943	27943	0.375
potted_orange_tulip	9369	9369	9369	0.375
potted_oxeye_daisy	9372	9372	9372	0.375
potted_pale_oak_sapling	9360	9360	9360	0.375
potted_pink_tulip	9371	9371	9371	0.375
potted_poppy	9364	9364	9364	0.375
potted_red_mushroom	9376	9376	9376	0.375
potted_red_tulip	9368	9368	9368	0.375
potted_spruce_sapling	9354	9354	9354	0.375
potted_torchflower	9352	9352	9352	0.375
potted_warped_fungus	20516	20516	20516	0.375
potted_warped_roots	20518	20518	20518	0.375
potted_white_tulip	9370	9370	9370	0.375
potted_wither_rose	9375	9375	9375	0.375
powder_snow	23378	23378	23378	0
powder_snow_cauldron	8187	8189	8187	1
powered_rail	1987	2010	2000	0
prismarine	11352	11352	11352	1
prismarine_brick_slab	11601	11606	11604	1,1,0.5,0.5,1,1
prismarine_brick_stairs	11435	11514	11446	1
prismarine_bricks	11353	11353	11353	1
prismarine_slab	11595	11600	11598	1,1,0.5,0.5,1,1
prismarine_stairs	11355	11434	11366	1
prismarine_wall	15539	15862	15542	1.5,1.5,1.5,1.5,1.5,1.5,0,1.5,1.5,0,1.5,1.5,1.5,1.5,1.5,1.5,1.5,1.5,1.5,1.5,1.5,1.5,1.5,1.5,1.5,1.5,1.5,1.5,1.5,1.5,1.5,1.5,1.5,1.5,1.5,1.5,1.5,1.5,1.5,1.5,1.5,1.5,1.5,1.5,1.5,1.5,1.5,1.5,1.5,1.5,1.5,1.5,1.5,1.5,1.5,1.5,1.5,1.5,1.5,1.5,1.5,1.5,1.5,1.5,1.5,1.5,1.5,1.5,1.5,1.5,1.5,1.5,1.5,1.5,1.5,1.5,1.5,1.5,1.5,1.5,1.5,1.5,1.5,1.5,1.5,1.5,1.5,1.5,1.5,1.5,1.5,1.5,1.5,1.5,1.5,1.5,1.5,1.5,1.5,1.5,1.5,1.5,1.5,1.5,1.5,1.5,1.5,1.5,1.5,1.5,1.5,1.5,1.5,1.5,1.5,1.5,1.5,1.5,1.5,1.5,1.5,1.5,1.5,1.5,1.5,1.5,1.5,1.5,1.5,1.5,1.5,1.5,1.5,1.5,1.5,1.5,1.5,1.5,1.5,1.5,1.5,1.5,1.5,1.5,1.5,1.5,1.5,1.5,1.5,1.5,1.5,1.5,1.5,1.5,1.5,1.5,1.5,1.5,1.5,1.5,1.5,1.5,1.5,1.5,1.5,1.5,1.5,1.5,1.5,1.5,1.5,1.5,1.5,1.5,1.5,1.5,1.5,1.5,1.5,1.5,1.5,1.5,1.5,1.5,1.5,1.5,1.5,1.5,1.5,1.5,1.5,1.5,1.5,1.5,1.5,1.5,1.5,1.5,1.5,1.5,1.5,1.5,1.5,1.5,1.5,1.5,1.5,1.5,1.5,1.5,1.5,1.5,1.5,1.5,1.5,1.5,1.5,1.5,1.5,1.5,1.5,1.5,1.5,1.5,1.5,1.5,1.5,1.5,1.5,1.5,1.5,1.5,1.5,1.5,1.5,1.5,1.5,1.5,1.5,1.5,1.5,1.5,1.5,1.5,1.5,1.5,1.5,1.5,1.5,1.5,1.5,1.5,1.5,1.5,1.5,1.5,1.5,1.5,1.5,1.5,1.5,1.5,1.5,1.5,1.5,1.5,1.5,1.5,1.5,1.5,1.5,1.5,1.5,1.5,1.5,1.5,1.5,1.5,1.5,1.5,1.5,1.5,1.5,1.5,1.5,1.5,1.5,1.5,1.5,1.5,1.5,1.5,1.5,1.5,1.5,1.5,1.5,1.5,1.5,1.5,1.5,1.5,1.5,1.5,1.5,1.5,1.5,1.5,1.5,1.5,1.5,1.5,1.5,1.5,1.5,1.5,1.5,1.5,1.5,1.5,1.5,1.5,1.5,1.5
pumpkin	7054	7054	7054	1
pumpkin_stem	7064	7071	7064	0
purple_banner	11808	11823	11808	0
purple_bed	1891	1906	1894	0.5625
purple_candle	21961	21976	21964	0.375
purple_candle_cake	22079	22080	22080	0.875
purple_carpet	11627	11627	11627	0.0625
purple_concrete	13761	13761	13761	1
purple_concrete_powder	13777	13777	13777	1
purple_glazed_terracotta	13727	13730	13727	1
purple_shulker_box	13651	13656	13655	1
purple_stained_glass	6134	6134	6134	1
purple_stained_glass_pane	10501	10532	10532	1
purple_terracotta	10175	10175	10175	1
purple_wall_banner	11944	11947	11944	0
purple_wool	2103	2103	2103	1
purpur_block	13433	13433	13433	1
purpur_pillar	13434	13436	13435	1
purpur_slab	12195	12200	12198	1,1,0.5,0.5,1,1
purpur_stairs	13437	13516	13448	1
quartz_block	10044	10044	10044	1
quartz_bricks	21784	21784	21784	1
quartz_pillar	10046	10048	10047	1
quartz_slab	12177	12182	12180	1,1,0.5,0.5,1,1
quartz_stairs	10049	10128	10060	1
rail	4758	4777	4759	0
raw_copper_block	27651	27651	27651	1
raw_gold_block	27652	27652	27652	1
raw_iron_block	27650	27650	27650	1
red_banner	11872	11887	11872	0
red_bed	1955	1970	1958	0.5625
red_candle	22025	22040	22028	0.375
red_candle_cake	22087	22088	22088	0.875
red_carpet	11631	11631	11631	0.0625
red_concrete	13765	13765	13765	1
red_concrete_powder	13781	13781	13781	1
red_glazed_terracotta	13743	13746	13743	1
red_mushroom	2136	2136	2136	0
red_mushroom_block	6856	6919	6856	1
red_nether_brick_slab	15197	15202	15200	1,1,0.5,0.5,1,1
red_nether_brick_stairs	14897	14976	14908	1
red_nether_brick_wall	18131	18454	18134	1.5,1.5,1.5,1.5,1.5,1.5,0,1.5,1.5,0,1.5,1.5,1.5,1.5,1.5,1.5,1.5,1.5,1.5,1.5,1.5,1.5,1.5,1.5,1.5,1.5,1.5,1.5,1.5,1.5,1.5,1.5,1.5,1.5,1.5,1.5,1.5,1.5,1.5,1.5,1.5,1.5,1.5,1.5,1.5,1.5,1.5,1.5,1.5,1.5,1.5,1.5,1.5,1.5,1.5,1.5,1.5,1.5,1.5,1.5,1.5,1.5,1.5,1.5,1.5,1.5,1.5,1.5,1.5,1.5,1.5,1.5,1.5,1.5,1.5,1.5,1.5,1.5,1.5,1.5,1.5,1.5,1.5,1.5,1.5,1.5,1.5,1.5,1.5,1.5,1.5,1.5,1.5,1.5,1.5,1.5,1.5,1.5,1.5,1.5,1.5,1.5,1.5,1.5,1.5,1.5,1.5,1.5,1.5,1.5,1.5,1.5,1.5,1.5,1.5,1.5,1.5,1.5,1.5,1.5,1.5,1.5,1.5,1.5,1.5,1.5,1.5,1.5,1.5,1.5,1.5,1.5,1.5,1.5,1.5,1.5,1.5,1.5,1.5,1.5,1.5,1.5,1.5,1.5,1.5,1.5,1.5,1.5,1.5,1.5,1.5,1.5,1.5,1.5,1.5,1.5,1.5,1.5,1.5,1.5,1.5,1.5,1.5,1.5,1.5,1.5,1.5,1.5,1.5,1.5,1.5,1.5,1.5,1.5,1.5,1.5,1.5,1.5,1.5,1.5,1.5,1.5,1.5,1.5,1.5,1.5,1.5,1.5,1.5,1.5,1.5,1.5,1.5,1.5,1.5,1.5,1.5,1.5,1.5,1.5,1.5,1.5,1.5,1.5,1.5,1.5,1.5,1.5,1.5,1.5,1.5,1.5,1.5,1.5,1.5,1.5,1.5,1.5,1.5,1.5,1.5,1.5,1.5,1.5,1.5,1.5,1.5,1.5,1.5,1.5,1.5,1.5,1.5,1.5,1.5,1.5,1.5,1.5,1.5,1.5,1.5,1.5,1.5,1.5,1.5,1.5,1.5,1.5,1.5,1.5,1.5,1.5,1.5,1.5,1.5,1.5,1.5,1.5,1.5,1.5,1.5,1.5,1.5,1.5,1.5,1.5,1.5,1.5,1.5,1.5,1.5,1.5,1.5,1.5,1.5,1.5,1.5,1.5,1.5,1.5,1.5,1.5,1.5,1.5,1.5,1.5,1.5,1.5,1.5,1.5,1.5,1.5,1.5,1.5,1.5,1.5,1.5,1.5,1.5,1.5,1.5,1.5,1.5,1.5,1.5,1.5,1.5,1.5,1.5,1.5,1.5,1.5,1.5,1.5,1.5,1.5,1.5,1.5,1.5,1.5,1.5,1.5,1.5,1.5
red_nether_bricks	13568	13568	13568	1
red_sand	123	123	123	1
red_sandstone	11968	11968	11968	1
red_sandstone_slab	12183	12188	12186	1,1,0.5,0.5,1,1
red_sandstone_stairs	11971	12050	11982	1
red_sandstone_wall	15863	16186	15866	1.5,1.5,1.5,1.5,1.5,1.5,0,1.5,1.5,0,1.5,1.5,1.5,1.5,1.5,1.5,1.5,1.5,1.5,1.5,1.5,1.5,1.5,1.5,1.5,1.5,1.5,1.5,1.5,1.5,1.5,1.5,1.5,1.5,1.5,1.5,1.5,1.5,1.5,1.5,1.5,1.5,1.5,1.5,1.5,1.5,1.5,1.5,1.5,1.5,1.5,1.5,1.5,1.5,1.5,1.5,1.5,1.5,1.5,1.5,1.5,1.5,1.5,1.5,1.5,1.5,1.5,1.5,1.5,1.5,1.5,1.5,1.5,1.5,1.5,1.5,1.5,1.5,1.5,1.5,1.5,1.5,1.5,1.5,1.5,1.5,1.5,1.5,1.5,1.5,1.5,1.5,1.5,1.5,1.5,1.5,1.5,1.5,1.5,1.5,1.5,1.5,1.5,1.5,1.5,1.5,1.5,1.5,1.5,1.5,1.5,1.5,1.5,1.5,1.5,1.5,1.5,1.5,1.5,1.5,1.5,1.5,1.5,1.5,1.5,1.5,1.5,1.5,1.5,1.5,1.5,1.5,1.5,1.5,1.5,1.5,1.5,1.5,1.5,1.5,1.5,1.5,1.5,1.5,1.5,1.5,1.5,1.5,1.5,1.5,1.5,1.5,1.5,1.5,1.5,1.5,1.5,1.5,1.5,1.5,1.5,1.5,1.5,1.5,1.5,1.5,1.5,1.5,1.5,1.5,1.5,1.5,1.5,1.5,1.5,1.5,1.5,1.5,1.5,1.5,1.5,1.5,1.5,1.5,1.5,1.5,1.5,1.5,1.5,1.5,1.5,1.5,1.5,1.5,1.5,1.5,1.5,1.5,1.5,1.5,1.5,1.5,1.5,1.5,1.5,1.5,1.5,1.5,1.5,1.5,1.5,1.5,1.5,1.5,1.5,1.5,1.5,1.5,1.5,1.5,1.5,1.5,1.5,1.5,1.5,1.5,1.5,1.5,1.5,1.5,1.5,1.5,1.5,1.5,1.5,1.5,1.5,1.5,1.5,1.5,1.5,1.5,1.5,1.5,1.5,1.5,1.5,1.5,1.5,1.5,1.5,1.5,1.5,1.5,1.5,1.5,1.5,1.5,1.5,1.5,1.5,1.5,1.5,1.5,1.5,1.5,1.5,1.5,1.5,1.5,1.5,1.5,1.5,1.5,1.5,1.5,1.5,1.5,1.5,1.5,1.5,1.5,1.5,1.5,1.5,1.5,1.5,1.5,1.5,1.5,1.5,1.5,1.5,1.5,1.5,1.5,1.5,1.5,1.5,1.5,1.5,1.5,1.5,1.5,1.5,1.5,1.5,1.5,1.5,1.5,1.5,1.5,1.5,1.5,1.5,1.5,1.5,1.5,1.5,1.5,1.5,1.5,1.5,1.5
red_shulker_box	13675	13680	13679	1
red_stained_glass	6138	6138	6138	1
red_stained_glass_pane	10629	10660	10660	1
red_terracotta	10179	10179	10179	1
red_tulip	2127	2127	2127	0
red_wall_banner	11960	11963	11960	0
red_wool	2107	2107	2107	1
redstone_block	10032	10032	10032	1
redstone_lamp	8201	8202	8202	1
redstone_ore	5912	5913	5913	1
redstone_torch	5916	5917	5916	0
redstone_wall_torch	5918	5925	5918	0
redstone_wire	3042	4337	4202	0
reinforced_deepslate	27665	27665	27665	1
repeater	6060	6123	6063	0.125
repeating_command_block	13538	13549	13544	1
resin_block	7643	7643	7643	1
resin_brick_slab	7725	7730	7728	1,1,0.5,0.5,1,1
resin_brick_stairs	7645	7724	7656	1
resin_brick_wall	7731	8054	7734	1.5,1.5,1.5,1.5,1.5,1.5,0,1.5,1.5,0,1.5,1.5,1.5,1.5,1.5,1.5,1.5,1.5,1.5,1.5,1.5,1.5,1.5,1.5,1.5,1.5,1.5,1.5,1.5,1.5,1.5,1.5,1.5,1.5,1.5,1.5,1.5,1.5,1.5,1.5,1.5,1.5,1.5,1.5,1.5,1.5,1.5,1.5,1.5,1.5,1.5,1.5,1.5,1.5,1.5,1.5,1.5,1.5,1.5,1.5,1.5,1.5,1.5,1.5,1.5,1.5,1.5,1.5,1.5,1.5,1.5,1.5,1.5,1.5,1.5,1.5,1.5,1.5,1.5,1.5,1.5,1.5,1.5,1.5,1.5,1.5,1.5,1.5,1.5,1.5,1.5,1.5,1.5,1.5,1.5,1.5,1.5,1.5,1.5,1.5,1.5,1.5,1.5,1.5,1.5,1.5,1.5,1.5,1.5,1.5,1.5,1.5,1.5,1.5,1.5,1.5,1.5,1.5,1.5,1.5,1.5,1.5,1.5,1.5,1.5,1.5,1.5,1.5,1.5,1.5,1.5,1.5,1.5,1.5,1.5,1.5,1.5,1.5,1.5,1.5,1.5,1.5,1.5,1.5,1.5,1.5,1.5,1.5,1.5,1.5,1.5,1.5,1.5,1.5,1.5,1.5,1.5,1.5,1.5,1.5,1.5,1.5,1.5,1.5,1.5,1.5,1.5,1.5,1.5,1.5,1.5,1.5,1.5,1.5,1.5,1.5,1.5,1.5,1.5,1.5,1.5,1.5,1.5,1.5,1.5,1.5,1.5,1.5,1.5,1.5,1.5,1.5,1.5,1.5,1.5,1.5,1.5,1.5,1.5,1.5,1.5,1.5,1.5,1.5,1.5,1.5,1.5,1.5,1.5,1.5,1.5,1.5,1.5,1.5,1.5,1.5,1.5,1.5,1.5,1.5,1.5,1.5,1.5,1.5,1.5,1.5,1.5,1.5,1.5,1.5,1.5,1.5,1.5,1.5,1.5,1.5,1.5,1.5,1.5,1.5,1.5,1.5,1.5,1.5,1.5,1.5,1.5,1.5,1.5,1.5,1.5,1.5,1.5,1.5,1.5,1.5,1.5,1.5,1.5,1.5,1.5,1.5,1.5,1.5,1.5,1.5,1.5,1.5,1.5,1.5,1.5,1.5,1.5,1.5,1.5,1.5,1.5,1.5,1.5,1.5,1.5,1.5,1.5,1.5,1.5,1.5,1.5,1.5,1.5,1.5,1.5,1.5,1.5,1.5,1.5,1.5,1.5,1.5,1.5,1.5,1.5,1.5,1.5,1.5,1.5,1.5,1.5,1.5,1.5,1.5,1.5,1.5,1.5,1.5,1.5,1.5,1.5,1.5,1.5,1.5,1.5,1.5,1.5,1.5
resin_bricks	7644	7644	7644	1
resin_clump	7240	7367	7367	0
respawn_anchor	20510	20514	20510	1
rooted_dirt	25994	25994	25994	1
rose_bush	11640	11641	11641	0
sand	118	118	118	1
sandstone	578	578	578	1
sandstone_slab	12129	12134	12132	1,1,0.5,0.5,1,1
sandstone_stairs	8215	8294	8226	1
sandstone_wall	18455	18778	18458	1.5,1.5,1.5,1.5,1.5,1.5,0,1.5,1.5,0,1.5,1.5,1.5,1.5,1.5,1.5,1.5,1.5,1.5,1.5,1.5,1.5,1.5,1.5,1.5,1.5,1.5,1.5,1.5,1.5,1.5,1.5,1.5,1.5,1.5,1.5,1.5,1.5,1.5,1.5,1.5,1.5,1.5,1.5,1.5,1.5,1.5,1.5,1.5,1.5,1.5,1.5,1.5,1.5,1.5,1.5,1.5,1.5,1.5,1.5,1.5,1.5,1.5,1.5,1.5,1.5,1.5,1.5,1.5,1.5,1.5,1.5,1.5,1.5,1.5,1.5,1.5,1.5,1.5,1.5,1.5,1.5,1.5,1.5,1.5,1.5,1.5,1.5,1.5,1.5,1.5,1.5,1.5,1.5,1.5,1.5,1.5,1.5,1.5,1.5,1.5,1.5,1.5,1.5,1.5,1.5,1.5,1.5,1.5,1.5,1.5,1.5,1.5,1.5,1.5,1.5,1.5,1.5,1.5,1.5,1.5,1.5,1.5,1.5,1.5,1.5,1.5,1.5,1.5,1.5,1.5,1.5,1.5,1.5,1.5,1.5,1.5,1.5,1.5,1.5,1.5,1.5,1.5,1.5,1.5,1.5,1.5,1.5,1.5,1.5,1.5,1.5,1.5,1.5,1.5,1.5,1.5,1.5,1.5,1.5,1.5,1.5,1.5,1.5,1.5,1.5,1.5,1.5,1.5,1.5,1.5,1.5,1.5,1.5,1.5,1.5,1.5,1.5,1.5,1.5,1.5,1.5,1.5,1.5,1.5,1.5,1.5,1.5,1.5,1.5,1.5,1.5,1.5,1.5,1.5,1.5,1.5,1.5,1.5,1.5,1.5,1.5,1.5,1.5,1.5,1.5,1.5,1.5,1.5,1.5,1.5,1.5,1.5,1.5,1.5,1.5,1.5,1.5,1.5,1.5,1.5,1.5,1.5,1.5,1.5,1.5,1.5,1.5,1.5,1.5,1.5,1.5,1.5,1.5,1.5,1.5,1.5,1.5,1.5,1.5,1.5,1.5,1.5,1.5,1.5,1.5,1.5,1.5,1.5,1.5,1.5,1.5,1.5,1.5,1.5,1.5,1.5,1.5,1.5,1.5,1.5,1.5,1.5,1.5,1.5,1.5,1.5,1.5,1.5,1.5,1.5,1.5,1.5,1.5,1.5,1.5,1.5,1.5,1.5,1.5,1.5,1.5,1.5,1.5,1.5,1.5,1.5,1.5,1.5,1.5,1.5,1.5,1.5,1.5,1.5,1.5,1.5,1.5,1.5,1.5,1.5,1.5,1.5,1.5,1.5,1.5,1.5,1.5,1.5,1.5,1.5,1.5,1.5,1.5,1.5,1.5,1.5,1.5,1.5,1.5,1.5,1.5,1.5,1.5
scaffolding	19427	19458	19458	1
sculk	23859	23859	23859	1
sculk_catalyst	23988	23989	23989	1
sculk_sensor	23379	23474	23380	0.5
sculk_shrieker	23990	23997	23997	0.5
sculk_vein	23860	23987	23987	0
sea_lantern	11613	11613	11613	1
sea_pickle	13988	13995	13988	0.375,0.375,0.375,0.375,0.375,0.375,0.4375,0.4375
seagrass	2054	2054	2054	0
short_dry_grass	2052	2052	2052	0
short_grass	2048	2048	2048	0
shroomlight	19665	19665	19665	1
shulker_box	13585	13590	13589	1
skeleton_skull	9636	9667	9652	0.5
skeleton_wall_skull	9668	9675	9669	0.75
slime_block	11253	11253	11253	1
small_amethyst_bud	22129	22140	22138	0.75,0.75,0.75,0.75,0.75,0.75,0.75,0.75,0.1875,0.1875,1,1
small_dripleaf	25976	25991	25979	0
smithing_table	19521	19521	19521	1
smoker	19475	19482	19476	1
smooth_basalt	27649	27649	27649	1
smooth_quartz	12203	12203	12203	1
smooth_quartz_slab	15179	15184	15182	1,1,0.5,0.5,1,1
smooth_quartz_stairs	14657	14736	14668	1
smooth_red_sandstone	12204	12204	12204	1
smooth_red_sandstone_slab	15143	15148	15146	1,1,0.5,0.5,1,1
smooth_red_sandstone_stairs	14097	14176	14108	1
smooth_sandstone	12202	12202	12202	1
smooth_sandstone_slab	15173	15178	15176	1,1,0.5,0.5,1,1
smooth_sandstone_stairs	14577	14656	14588	1
smooth_stone	12201	12201	12201	1
smooth_stone_slab	12123	12128	12126	1,1,0.5,0.5,1,1
sniffer_egg	13823	13825	13823	1
snow	5950	5957	5950	0,0.125,0.25,0.375,0.5,0.625,0.75,0.875
snow_block	5959	5959	5959	1
soul_campfire	19598	19629	19601	0.4375
soul_fire	2918	2918	2918	0
soul_lantern	19562	19565	19565	0.625,0.625,0.5625,0.5625
soul_sand	6029	6029	6029	0.875
soul_soil	6030	6030	6030	1
soul_torch	6037	6037	6037	0
soul_wall_torch	6038	6041	6038	0
spawner	2919	2919	2919	1
sponge	560	560	560	1
spore_blossom	25883	25883	25883	0
spruce_button	9420	9443	9429	0
spruce_door	12781	12844	12792	1
spruce_fence	12493	12524	12524	1.5
spruce_fence_gate	12205	12236	12212	0,0,1.5,1.5,0,0,1.5,1.5,0,0,1.5,1.5,0,0,1.5,1.5,0,0,1.5,1.5,0,0,1.5,1.5,0,0,1.5,1.5,0,0,1.5,1.5
spruce_hanging_sign	5002	5065	5035	0
spruce_leaves	280	307	307	1
spruce_log	139	141	140	1
spruce_planks	16	16	16	1
spruce_pressure_plate	5894	5895	5895	0
spruce_sapling	31	32	31	0
spruce_sign	4398	4429	4399	0
spruce_slab	12057	12062	12060	1,1,0.5,0.5,1,1
spruce_stairs	8450	8529	8461	1
spruce_trapdoor	6204	6267	6219	1,1,1,1,1,1,1,1,1,1,1,1,0.1875,0.1875,0.1875,0.1875,1,1,1,1,1,1,1,1,1,1,1,1,0.1875,0.1875,0.1875,0.1875,1,1,1,1,1,1,1,1,1,1,1,1,0.1875,0.1875,0.1875,0.1875,1,1,1,1,1,1,1,1,1,1,1,1,0.1875,0.1875,0.1875,0.1875
spruce_wall_hanging_sign	5714	5721	5715	1
spruce_wall_sign	4866	4873	4867	0
spruce_wood	204	206	205	1
sticky_piston	2035	2046	2041	1,1,1,1,0.75,1,1,1,1,1,1,1
stone	1	1	1	1
stone_brick_slab	12159	12164	12162	1,1,0.5,0.5,1,1
stone_brick_stairs	7480	7559	7491	1
stone_brick_wall	16835	17158	16838	1.5,1.5,1.5,1.5,1.5,1.5,0,1.5,1.5,0,1.5,1.5,1.5,1.5,1.5,1.5,1.5,1.5,1.5,1.5,1.5,1.5,1.5,1.5,1.5,1.5,1.5,1.5,1.5,1.5,1.5,1.5,1.5,1.5,1.5,1.5,1.5,1.5,1.5,1.5,1.5,1.5,1.5,1.5,1.5,1.5,1.5,1.5,1.5,1.5,1.5,1.5,1.5,1.5,1.5,1.5,1.5,1.5,1.5,1.5,1.5,1.5,1.5,1.5,1.5,1.5,1.5,1.5,1.5,1.5,1.5,1.5,1.5,1.5,1.5,1.5,1.5,1.5,1.5,1.5,1.5,1.5,1.5,1.5,1.5,1.5,1.5,1.5,1.5,1.5,1.5,1.5,1.5,1.5,1.5,1.5,1.5,1.5,1.5,1.5,1.5,1.5,1.5,1.5,1.5,1.5,1.5,1.5,1.5,1.5,1.5,1.5,1.5,1.5,1.5,1.5,1.5,1.5,1.5,1.5,1.5,1.5,1.5,1.5,1.5,1.5,1.5,1.5,1.5,1.5,1.5,1.5,1.5,1.5,1.5,1.5,1.5,1.5,1.5,1.5,1.5,1.5,1.5,1.5,1.5,1.5,1.5,1.5,1.5,1.5,1.5,1.5,1.5,1.5,1.5,1.5,1.5,1.5,1.5,1.5,1.5,1.5,1.5,1.5,1.5,1.5,1.5,1.5,1.5,1.5,1.5,1.5,1.5,1.5,1.5,1.5,1.5,1.5,1.5,1.5,1.5,1.5,1.5,1.5,1.5,1.5,1.5,1.5,1.5,1.5,1.5,1.5,1.5,1.5,1.5,1.5,1.5,1.5,1.5,1.5,1.5,1.5,1.5,1.5,1.5,1.5,1.5,1.5,1.5,1.5,1.5,1.5,1.5,1.5,1.5,1.5,1.5,1.5,1.5,1.5,1.5,1.5,1.5,1.5,1.5,1.5,1.5,1.5,1.5,1.5,1.5,1.5,1.5,1.5,1.5,1.5,1.5,1.5,1.5,1.5,1.5,1.5,1.5,1.5,1.5,1.5,1.5,1.5,1.5,1.5,1.5,1.5,1.5,1.5,1.5,1.5,1.5,1.5,1.5,1.5,1.5,1.5,1.5,1.5,1.5,1.5,1.5,1.5,1.5,1.5,1.5,1.5,1.5,1.5,1.5,1.5,1.5,1.5,1.5,1.5,1.5,1.5,1.5,1.5,1.5,1.5,1.5,1.5,1.5,1.5,1.5,1.5,1.5,1.5,1.5,1.5,1.5,1.5,1.5,1.5,1.5,1.5,1.5,1.5,1.5,1.5,1.5,1.5,1.5,1.5,1.5,1.5,1.5,1.5,1.5,1.5,1.5,1.5,1.5,1.5,1.5,1.5,1.5,1.5
stone_bricks	6780	6780	6780	1
stone_button	5926	5949	5935	0
stone_pressure_plate	5826	5827	5827	0
stone_slab	12117	12122	12120	1,1,0.5,0.5,1,1
stone_stairs	14497	14576	14508	1
stonecutter	19522	19525	19522	0.5625
stripped_acacia_log	180	182	181	1
stripped_acacia_wood	237	239	238	1
stripped_bamboo_block	198	200	199	1
stripped_birch_log	174	176	175	1
stripped_birch_wood	231	233	232	1
stripped_cherry_log	183	185	184	1
stripped_cherry_wood	240	242	241	1
stripped_crimson_hyphae	19660	19662	19661	1
stripped_crimson_stem	19654	19656	19655	1
stripped_dark_oak_log	186	188	187	1
stripped_dark_oak_wood	243	245	244	1
stripped_jungle_log	177	179	178	1
stripped_jungle_wood	234	236	235	1
stripped_mangrove_log	195	197	196	1
stripped_mangrove_wood	249	251	250	1
stripped_oak_log	192	194	193	1
stripped_oak_wood	225	227	226	1
stripped_pale_oak_log	189	191	190	1
stripped_pale_oak_wood	246	248	247	1
stripped_spruce_log	171	173	172	1
stripped_spruce_wood	228	230	229	1
stripped_warped_hyphae	19643	19645	19644	1
stripped_warped_stem	19637	19639	19638	1
structure_block	20411	20414	20412	1
structure_void	13572	13572	13572	0
sugar_cane	5978	5993	5978	0
sunflower	11636	11637	11637	0
suspicious_gravel	125	128	125	1
suspicious_sand	119	122	119	1
sweet_berry_bush	19630	19633	19630	0
tall_dry_grass	2053	2053	2053	0
tall_grass	11644	11645	11645	0
tall_seagrass	2055	2056	2056	0
target	20441	20456	20441	1
terracotta	11633	11633	11633	1
test_block	20427	20430	20427	1
test_instance_block	20431	20431	20431	1
tinted_glass	23377	23377	23377	1
tnt	2140	2141	2141	1
torch	2401	2401	2401	0
torchflower	2122	2122	2122	0
torchflower_crop	13518	13519	13518	0
trapped_chest	9928	9951	9929	0.875
trial_spawner	27730	27741	27736	1
tripwire	8321	8448	8448	0
tripwire_hook	8305	8320	8314	0
tube_coral	13878	13879	13878	0
tube_coral_block	13863	13863	13863	1
tube_coral_fan	13898	13899	13898	0
tube_coral_wall_fan	13948	13955	13948	0
tuff	22141	22141	22141	1
tuff_brick_slab	22965	22970	22968	1,1,0.5,0.5,1,1
tuff_brick_stairs	22971	23050	22982	1
tuff_brick_wall	23051	23374	23054	1.5,1.5,1.5,1.5,1.5,1.5,0,1.5,1.5,0,1.5,1.5,1.5,1.5,1.5,1.5,1.5,1.5,1.5,1.5,1.5,1.5,1.5,1.5,1.5,1.5,1.5,1.5,1.5,1.5,1.5,1.5,1.5,1.5,1.5,1.5,1.5,1.5,1.5,1.5,1.5,1.5,1.5,1.5,1.5,1.5,1.5,1.5,1.5,1.5,1.5,1.5,1.5,1.5,1.5,1.5,1.5,1.5,1.5,1.5,1.5,1.5,1.5,1.5,1.5,1.5,1.5,1.5,1.5,1.5,1.5,1.5,1.5,1.5,1.5,1.5,1.5,1.5,1.5,1.5,1.5,1.5,1.5,1.5,1.5,1.5,1.5,1.5,1.5,1.5,1.5,1.5,1.5,1.5,1.5,1.5,1.5,1.5,1.5,1.5,1.5,1.5,1.5,1.5,1.5,1.5,1.5,1.5,1.5,1.5,1.5,1.5,1.5,1.5,1.5,1.5,1.5,1.5,1.5,1.5,1.5,1.5,1.5,1.5,1.5,1.5,1.5,1.5,1.5,1.5,1.5,1.5,1.5,1.5,1.5,1.5,1.5,1.5,1.5,1.5,1.5,1.5,1.5,1.5,1.5,1.5,1.5,1.5,1.5,1.5,1.5,1.5,1.5,1.5,1.5,1.5,1.5,1.5,1.5,1.5,1.5,1.5,1.5,1.5,1.5,1.5,1.5,1.5,1.5,1.5,1.5,1.5,1.5,1.5,1.5,1.5,1.5,1.5,1.5,1.5,1.5,1.5,1.5,1.5,1.5,1.5,1.5,1.5,1.5,1.5,1.5,1.5,1.5,1.5,1.5,1.5,1.5,1.5,1.5,1.5,1.5,1.5,1.5,1.5,1.5,1.5,1.5,1.5,1.5,1.5,1.5,1.5,1.5,1.5,1.5,1.5,1.5,1.5,1.5,1.5,1.5,1.5,1.5,1.5,1.5,1.5,1.5,1.5,1.5,1.5,1.5,1.5,1.5,1.5,1.5,1.5,1.5,1.5,1.5,1.5,1.5,1.5,1.5,1.5,1.5,1.5,1.5,1.5,1.5,1.5,1.5,1.5,1.5,1.5,1.5,1.5,1.5,1.5,1.5,1.5,1.5,1.5,1.5,1.5,1.5,1.5,1.5,1.5,1.5,1.5,1.5,1.5,1.5,1.5,1.5,1.5,1.5,1.5,1.5,1.5,1.5,1.5,1.5,1.5,1.5,1.5,1.5,1.5,1.5,1.5,1.5,1.5,1.5,1.5,1.5,1.5,1.5,1.5,1.5,1.5,1.5,1.5,1.5,1.5,1.5,1.5,1.5,1.5,1.5,1.5,1.5,1.5,1.5,1.5,1.5,1.5,1.5,1.5,1.5,1.5,1.5,1.5,1.5,1.5
tuff_bricks	22964	22964	22964	1
tuff_slab	22142	22147	22145	1,1,0.5,0.5,1,1
tuff_stairs	22148	22227	22159	1
tuff_wall	22228	22551	22231	1.5,1.5,1.5,1.5,1.5,1.5,0,1.5,1.5,0,1.5,1.5,1.5,1.5,1.5,1.5,1.5,1.5,1.5,1.5,1.5,1.5,1.5,1.5,1.5,1.5,1.5,1.5,1.5,1.5,1.5,1.5,1.5,1.5,1.5,1.5,1.5,1.5,1.5,1.5,1.5,1.5,1.5,1.5,1.5,1.5,1.5,1.5,1.5,1.5,1.5,1.5,1.5,1.5,1.5,1.5,1.5,1.5,1.5,1.5,1.5,1.5,1.5,1.5,1.5,1.5,1.5,1.5,1.5,1.5,1.5,1.5,1.5,1.5,1.5,1.5,1.5,1.5,1.5,1.5,1.5,1.5,1.5,1.5,1.5,1.5,1.5,1.5,1.5,1.5,1.5,1.5,1.5,1.5,1.5,1.5,1.5,1.5,1.5,1.5,1.5,1.5,1.5,1.5,1.5,1.5,1.5,1.5,1.5,1.5,1.5,1.5,1.5,1.5,1.5,1.5,1.5,1.5,1.5,1.5,1.5,1.5,1.5,1.5,1.5,1.5,1.5,1.5,1.5,1.5,1.5,1.5,1.5,1.5,1.5,1.5,1.5,1.5,1.5,1.5,1.5,1.5,1.5,1.5,1.5,1.5,1.5,1.5,1.5,1.5,1.5,1.5,1.5,1.5,1.5,1.5,1.5,1.5,1.5,1.5,1.5,1.5,1.5,1.5,1.5,1.5,1.5,1.5,1.5,1.5,1.5,1.5,1.5,1.5,1.5,1.5,1.5,1.5,1.5,1.5,1.5,1.5,1.5,1.5,1.5,1.5,1.5,1.5,1.5,1.5,1.5,1.5,1.5,1.5,1.5,1.5,1.5,1.5,1.5,1.5,1.5,1.5,1.5,1.5,1.5,1.5,1.5,1.5,1.5,1.5,1.5,1.5,1.5,1.5,1.5,1.5,1.5,1.5,1.5,1.5,1.5,1.5,1.5,1.5,1.5,1.5,1.5,1.5,1.5,1.5,1.5,1.5,1.5,1.5,1.5,1.5,1.5,1.5,1.5,1.5,1.5,1.5,1.5,1.5,1.5,1.5,1.5,1.5,1.5,1.5,1.5,1.5,1.5,1.5,1.5,1.5,1.5,1.5,1.5,1.5,1.5,1.5,1.5,1.5,1.5,1.5,1.5,1.5,1.5,1.5,1.5,1.5,1.5,1.5,1.5,1.5,1.5,1.5,1.5,1.5,1.5,1.5,1.5,1.5,1.5,1.5,1.5,1.5,1.5,1.5,1.5,1.5,1.5,1.5,1.5,1.5,1.5,1.5,1.5,1.5,1.5,1.5,1.5,1.5,1.5,1.5,1.5,1.5,1.5,1.5,1.5,1.5,1.5,1.5,1.5,1.5,1.5,1.5,1.5,1.5,1.5,1.5,1.5,1.5
turtle_egg	13811	13822	13811	0.4375
twisting_vines	19693	19718	19693	0
twisting_vines_plant	19719	19719	19719	0
vault	27742	27773	27746	1
verdant_froglight	27658	27660	27659	1
vine	7080	7111	7111	0
void_air	14013	14013	14013	0
wall_torch	2402	2405	2402	0
warped_button	20179	20202	20188	0
warped_door	20267	20330	20278	1
warped_fence	19771	19802	19802	1.5
warped_fence_gate	19963	19994	19970	0,0,1.5,1.5,0,0,1.5,1.5,0,0,1.5,1.5,0,0,1.5,1.5,0,0,1.5,1.5,0,0,1.5,1.5,0,0,1.5,1.5,0,0,1.5,1.5
warped_fungus	19647	19647	19647	0
warped_hanging_sign	5514	5577	5547	0
warped_hyphae	19640	19642	19641	1
warped_nylium	19646	19646	19646	1
warped_planks	19722	19722	19722	1
warped_pressure_plate	19737	19738	19738	0
warped_roots	19649	19649	19649	0
warped_sign	20363	20394	20364	0
warped_slab	19729	19734	19732	1,1,0.5,0.5,1,1
warped_stairs	20075	20154	20086	1
warped_stem	19634	19636	19635	1
warped_trapdoor	19867	19930	19882	1,1,1,1,1,1,1,1,1,1,1,1,0.1875,0.1875,0.1875,0.1875,1,1,1,1,1,1,1,1,1,1,1,1,0.1875,0.1875,0.1875,0.1875,1,1,1,1,1,1,1,1,1,1,1,1,0.1875,0.1875,0.1875,0.1875,1,1,1,1,1,1,1,1,1,1,1,1,0.1875,0.1875,0.1875,0.1875
warped_wall_hanging_sign	5786	5793	5787	1
warped_wall_sign	20403	20410	20404	0
warped_wart_block	19648	19648	19648	1
water	86	101	86	0
water_cauldron	8183	8185	8183	1
waxed_chiseled_copper	24015	24015	24015	1
waxed_copper_block	24360	24360	24360	1
waxed_copper_bulb	25768	25771	25771	1
waxed_copper_door	24968	25031	24979	1
waxed_copper_grate	25744	25745	25745	1
waxed_copper_trapdoor	25480	25543	25495	1,1,1,1,1,1,1,1,1,1,1,1,0.1875,0.1875,0.1875,0.1875,1,1,1,1,1,1,1,1,1,1,1,1,0.1875,0.1875,0.1875,0.1875,1,1,1,1,1,1,1,1,1,1,1,1,0.1875,0.1875,0.1875,0.1875,1,1,1,1,1,1,1,1,1,1,1,1,0.1875,0.1875,0.1875,0.1875
waxed_cut_copper	24367	24367	24367	1
waxed_cut_copper_slab	24706	24711	24709	1,1,0.5,0.5,1,1
waxed_cut_copper_stairs	24608	24687	24619	1
waxed_exposed_chiseled_copper	24014	24014	24014	1
waxed_exposed_copper	24362	24362	24362	1
waxed_exposed_copper_bulb	25772	25775	25775	1
waxed_exposed_copper_door	25032	25095	25043	1
waxed_exposed_copper_grate	25746	25747	25747	1
waxed_exposed_copper_trapdoor	25544	25607	25559	1,1,1,1,1,1,1,1,1,1,1,1,0.1875,0.1875,0.1875,0.1875,1,1,1,1,1,1,1,1,1,1,1,1,0.1875,0.1875,0.1875,0.1875,1,1,1,1,1,1,1,1,1,1,1,1,0.1875,0.1875,0.1875,0.1875,1,1,1,1,1,1,1,1,1,1,1,1,0.1875,0.1875,0.1875,0.1875
waxed_exposed_cut_copper	24366	24366	24366	1
waxed_exposed_cut_copper_slab	24700	24705	24703	1,1,0.5,0.5,1,1
waxed_exposed_cut_copper_stairs	24528	24607	24539	1
waxed_oxidized_chiseled_copper	24012	24012	24012	1
waxed_oxidized_copper	24363	24363	24363	1
waxed_oxidized_copper_bulb	25780	25783	25783	1
waxed_oxidized_copper_door	25096	25159	25107	1
waxed_oxidized_copper_grate	25750	25751	25751	1
waxed_oxidized_copper_trapdoor	25608	25671	25623	1,1,1,1,1,1,1,1,1,1,1,1,0.1875,0.1875,0.1875,0.1875,1,1,1,1,1,1,1,1,1,1,1,1,0.1875,0.1875,0.1875,0.1875,1,1,1,1,1,1,1,1,1,1,1,1,0.1875,0.1875,0.1875,0.1875,1,1,1,1,1,1,1,1,1,1,1,1,0.1875,0.1875,0.1875,0.1875
waxed_oxidized_cut_copper	24364	24364	24364	1
waxed_oxidized_cut_copper_slab	24688	24693	24691	1,1,0.5,0.5,1,1
waxed_oxidized_cut_copper_stairs	24368	24447	24379	1
waxed_weathered_chiseled_copper	24013	24013	24013	1
waxed_weathered_copper	24361	24361	24361	1
waxed_weathered_copper_bulb	25776	25779	25779	1
waxed_weathered_copper_door	25160	25223	25171	1
waxed_weathered_copper_grate	25748	25749	25749	1
waxed_weathered_copper_trapdoor	25672	25735	25687	1,1,1,1,1,1,1,1,1,1,1,1,0.1875,0.1875,0.1875,0.1875,1,1,1,1,1,1,1,1,1,1,1,1,0.1875,0.1875,0.1875,0.1875,1,1,1,1,1,1,1,1,1,1,1,1,0.1875,0.1875,0.1875,0.1875,1,1,1,1,1,1,1,1,1,1,1,1,0.1875,0.1875,0.1875,0.1875
waxed_weathered_cut_copper	24365	24365	24365	1
waxed_weathered_cut_copper_slab	24694	24699	24697	1,1,0.5,0.5,1,1
waxed_weathered_cut_copper_stairs	24448	24527	24459	1
weathered_chiseled_copper	24009	24009	24009	1
weathered_copper	24000	24000	24000	1
weathered_copper_bulb	25760	25763	25763	1
weathered_copper_door	24904	24967	24915	1
weathered_copper_grate	25740	25741	25741	1
weathered_copper_trapdoor	25416	25479	25431	1,1,1,1,1,1,1,1,1,1,1,1,0.1875,0.1875,0.1875,0.1875,1,1,1,1,1,1,1,1,1,1,1,1,0.1875,0.1875,0.1875,0.1875,1,1,1,1,1,1,1,1,1,1,1,1,0.1875,0.1875,0.1875,0.1875,1,1,1,1,1,1,1,1,1,1,1,1,0.1875,0.1875,0.1875,0.1875
weathered_cut_copper	24005	24005	24005	1
weathered_cut_copper_slab	24342	24347	24345	1,1,0.5,0.5,1,1
weathered_cut_copper_stairs	24096	24175	24107	1
weeping_vines	19666	19691	19666	0
weeping_vines_plant	19692	19692	19692	0
wet_sponge	561	561	561	1
wheat	4342	4349	4342	0
white_banner	11648	11663	11648	0
white_bed	1731	1746	1734	0.5625
white_candle	21801	21816	21804	0.375
white_candle_cake	22059	22060	22060	0.875
white_carpet	11617	11617	11617	0.0625
white_concrete	13751	13751	13751	1
white_concrete_powder	13767	13767	13767	1
white_glazed_terracotta	13687	13690	13687	1
white_shulker_box	13591	13596	13595	1
white_stained_glass	6124	6124	6124	1
white_stained_glass_pane	10181	10212	10212	1
white_terracotta	10165	10165	10165	1
white_tulip	2129	2129	2129	0
white_wall_banner	11904	11907	11904	0
white_wool	2093	2093	2093	1
wildflowers	25903	25918	25903	0
wither_rose	2133	2133	2133	0
wither_skeleton_skull	9676	9707	9692	0.5
wither_skeleton_wall_skull	9708	9715	9709	0.75
yellow_banner	11712	11727	11712	0
yellow_bed	1795	1810	1798	0.5625
yellow_candle	21865	21880	21868	0.375
yellow_candle_cake	22067	22068	22068	0.875
yellow_carpet	11621	11621	11621	0.0625
yellow_concrete	13755	13755	13755	1
yellow_concrete_powder	13771	13771	13771	1
yellow_glazed_terracotta	13703	13706	13703	1
yellow_shulker_box	13615	13620	13619	1
yellow_stained_glass	6128	6128	6128	1
yellow_stained_glass_pane	10309	10340	10340	1
yellow_terracotta	10169	10169	10169	1
yellow_wall_banner	11920	11923	11920	0
yellow_wool	2097	2097	2097	1
zombie_head	9716	9747	9732	0.5
zombie_wall_head	9748	9755	9749	0.75
